{
  "movies": {
    "bao-2018": {
      "name": "Bao",
      "id": "444497",
      "rating": null,
      "year": 2018,
      "liked": false
    },
    "tin-toy": {
      "name": "Tin Toy",
      "id": "43482",
      "rating": null,
      "year": 1988,
      "liked": false
    },
    "were-the-millers": {
      "name": "We're the Millers",
      "id": "106267",
      "rating": null,
      "year": 2013,
      "liked": false
    },
    "12-angry-men": {
      "name": "12 Angry Men",
      "id": "51700",
      "rating": null,
      "year": 1957,
      "liked": false
    },
    "the-goonies": {
      "name": "The Goonies",
      "id": "47254",
      "rating": null,
      "year": 1985,
      "liked": false
    },
    "antz": {
      "name": "Antz",
      "id": "47511",
      "rating": null,
      "year": 1998,
      "liked": false
    },
    "air-bud": {
      "name": "Air Bud",
      "id": "38818",
      "rating": null,
      "year": 1997,
      "liked": false
    },
    "millennium-actress": {
      "name": "Millennium Actress",
      "id": "29884",
      "rating": null,
      "year": 2001,
      "liked": false
    },
    "mission-impossible": {
      "name": "Mission: Impossible",
      "id": "51206",
      "rating": null,
      "year": 1996,
      "liked": false
    },
    "christmas-with-the-kranks": {
      "name": "Christmas with the Kranks",
      "id": "43691",
      "rating": null,
      "year": 2004,
      "liked": false
    },
    "the-cable-guy": {
      "name": "The Cable Guy",
      "id": "46740",
      "rating": null,
      "year": 1996,
      "liked": false
    },
    "le-mans-1955": {
      "name": "Le Mans 1955",
      "id": "517317",
      "rating": null,
      "year": 2018,
      "liked": false
    },
    "the-substance": {
      "name": "The Substance",
      "id": "838140",
      "rating": null,
      "year": 2024,
      "liked": false
    },
    "the-devil-wears-prada": {
      "name": "The Devil Wears Prada",
      "id": "51712",
      "rating": null,
      "year": 2006,
      "liked": false
    },
    "upgrade": {
      "name": "Upgrade",
      "id": "430633",
      "rating": null,
      "year": 2018,
      "liked": false
    },
    "the-curse-2023": {
      "name": "The Curse",
      "id": "1071313",
      "rating": null,
      "year": 2023,
      "liked": false
    },
    "waking-life": {
      "name": "Waking Life",
      "id": "47363",
      "rating": null,
      "year": 2001,
      "liked": false
    },
    "top-gear-botswana-special-2007": {
      "name": "Top Gear: Botswana Special",
      "id": "1388333",
      "rating": null,
      "year": 2007,
      "liked": false
    },
    "top-gear-winter-olympics-special": {
      "name": "Top Gear: Winter Olympics Special",
      "id": "212144",
      "rating": null,
      "year": 2006,
      "liked": false
    },
    "top-gear-polar-special-2007-1": {
      "name": "Top Gear: Polar Special",
      "id": "369373",
      "rating": null,
      "year": 2007,
      "liked": false
    },
    "the-grand-tour-sand-job": {
      "name": "The Grand Tour: Sand Job",
      "id": "1123682",
      "rating": null,
      "year": 2024,
      "liked": false
    },
    "phineas-and-ferb-the-movie-across-the-2nd": {
      "name": "Phineas and Ferb The Movie: Across the 2nd Dimension",
      "id": "57791",
      "rating": null,
      "year": 2011,
      "liked": false
    },
    "teen-beach-movie": {
      "name": "Teen Beach Movie",
      "id": "129829",
      "rating": null,
      "year": 2013,
      "liked": false
    },
    "neon-genesis-evangelion": {
      "name": "Neon Genesis Evangelion",
      "id": "607220",
      "rating": null,
      "year": 1995,
      "liked": false
    },
    "the-sandlot": {
      "name": "The Sandlot",
      "id": "45220",
      "rating": null,
      "year": 1993,
      "liked": false
    },
    "the-nightmare-before-christmas": {
      "name": "The Nightmare Before Christmas",
      "id": "47119",
      "rating": null,
      "year": 1993,
      "liked": false
    },
    "larry-david-curb-your-enthusiasm": {
      "name": "Larry David: Curb Your Enthusiasm",
      "id": "184916",
      "rating": null,
      "year": 1999,
      "liked": false
    },
    "the-death-of-stalin": {
      "name": "The Death of Stalin",
      "id": "337565",
      "rating": null,
      "year": 2017,
      "liked": false
    },
    "mad-max-beyond-thunderdome": {
      "name": "Mad Max Beyond Thunderdome",
      "id": "47240",
      "rating": null,
      "year": 1985,
      "liked": false
    },
    "talk-to-me-2022": {
      "name": "Talk to Me",
      "id": "908144",
      "rating": null,
      "year": 2022,
      "liked": false
    },
    "edge-of-tomorrow": {
      "name": "Edge of Tomorrow",
      "id": "105183",
      "rating": null,
      "year": 2014,
      "liked": false
    },
    "the-life-aquatic-with-steve-zissou": {
      "name": "The Life Aquatic with Steve Zissou",
      "id": "51674",
      "rating": null,
      "year": 2004,
      "liked": false
    },
    "mulan": {
      "name": "Mulan",
      "id": "46001",
      "rating": null,
      "year": 1998,
      "liked": false
    },
    "midsommar": {
      "name": "Midsommar",
      "id": "459564",
      "rating": null,
      "year": 2019,
      "liked": false
    },
    "soul-eater": {
      "name": "Soul Eater",
      "id": "654868",
      "rating": null,
      "year": 2008,
      "liked": false
    },
    "travis-scott-look-mom-i-can-fly": {
      "name": "Travis Scott: Look Mom I Can Fly",
      "id": "552055",
      "rating": null,
      "year": 2019,
      "liked": false
    },
    "untold-breaking-point": {
      "name": "Untold: Breaking Point",
      "id": "776727",
      "rating": null,
      "year": 2021,
      "liked": false
    },
    "grave-of-the-fireflies": {
      "name": "Grave of the Fireflies",
      "id": "44558",
      "rating": null,
      "year": 1988,
      "liked": false
    },
    "the-house-2022-1": {
      "name": "The House",
      "id": "832444",
      "rating": null,
      "year": 2022,
      "liked": false
    },
    "history-of-the-entire-world-i-guess": {
      "name": "history of the entire world, i guess",
      "id": "663679",
      "rating": null,
      "year": 2017,
      "liked": false
    },
    "bridge-to-terabithia": {
      "name": "Bridge to Terabithia",
      "id": "51117",
      "rating": null,
      "year": 2007,
      "liked": false
    },
    "batman-v-superman-dawn-of-justice": {
      "name": "Batman v Superman: Dawn of Justice",
      "id": "148998",
      "rating": null,
      "year": 2016,
      "liked": false
    },
    "thor-ragnarok": {
      "name": "Thor: Ragnarok",
      "id": "209382",
      "rating": null,
      "year": 2017,
      "liked": false
    },
    "iparty-with-victorious": {
      "name": "iParty with Victorious",
      "id": "553700",
      "rating": null,
      "year": 2011,
      "liked": false
    },
    "flcl": {
      "name": "FLCL",
      "id": "284640",
      "rating": null,
      "year": 2000,
      "liked": true
    },
    "demon-slayer-kimetsu-no-yaiba": {
      "name": "Demon Slayer: Kimetsu no Yaiba",
      "id": "613680",
      "rating": null,
      "year": 2019,
      "liked": false
    },
    "phineas-and-ferb-christmas-vacation": {
      "name": "Phineas and Ferb Christmas Vacation!",
      "id": "339651",
      "rating": null,
      "year": 2009,
      "liked": false
    },
    "phineas-and-ferb-summer-belongs-to-you": {
      "name": "Phineas and Ferb: Summer Belongs to You!",
      "id": "398456",
      "rating": null,
      "year": 2010,
      "liked": false
    },
    "paranoia-agent": {
      "name": "Paranoia Agent",
      "id": "520304",
      "rating": null,
      "year": 2004,
      "liked": false
    },
    "fast-times-at-ridgemont-high": {
      "name": "Fast Times at Ridgemont High",
      "id": "43969",
      "rating": null,
      "year": 1982,
      "liked": false
    },
    "i-am-legend": {
      "name": "I Am Legend",
      "id": "48296",
      "rating": null,
      "year": 2007,
      "liked": false
    },
    "stuart-little": {
      "name": "Stuart Little",
      "id": "46512",
      "rating": null,
      "year": 1999,
      "liked": false
    },
    "the-notebook": {
      "name": "The Notebook",
      "id": "45667",
      "rating": null,
      "year": 2004,
      "liked": false
    },
    "a-christmas-carol-2009": {
      "name": "A Christmas Carol",
      "id": "40653",
      "rating": null,
      "year": 2009,
      "liked": false
    },
    "one-piece-the-movie": {
      "name": "One Piece: The Movie",
      "id": "39557",
      "rating": null,
      "year": 2000,
      "liked": false
    },
    "my-hero-academia-two-heroes": {
      "name": "My Hero Academia: Two Heroes",
      "id": "435237",
      "rating": null,
      "year": 2018,
      "liked": false
    },
    "willy-wonka-the-chocolate-factory": {
      "name": "Willy Wonka & the Chocolate Factory",
      "id": "51804",
      "rating": null,
      "year": 1971,
      "liked": false
    },
    "now-you-see-me-2": {
      "name": "Now You See Me 2",
      "id": "218051",
      "rating": null,
      "year": 2016,
      "liked": false
    }
  },
  "count": 58,
  "liked_count": 1,
  "rating_count": 0,
  "liked_percentage": 1.72,
  "rating_percentage": 0.0,
  "rating_average": 0.0
}