{
  "ramenfeedgg": {
    "username": "ramenfeedgg",
    "name": "ramenfeedgg",
    "url": "https://letterboxd.com/ramenfeedgg",
    "avatar": {
      "exists": false,
      "upscaled": false,
      "url": "https://s.ltrbxd.com/static/img/avatar80-CTtJ8HSs.png"
    },
    "followers": 5,
    "following": 6,
    "watched": 171,
    "lists": 0,
    "likes": 19
  },
  "ben24wold": {
    "username": "ben24wold",
    "name": "Ben Wold",
    "url": "https://letterboxd.com/ben24wold",
    "avatar": {
      "exists": true,
      "upscaled": true,
      "url": "https://a.ltrbxd.com/resized/avatar/twitter/1/7/9/3/7/5/9/shard/http___pbs.twimg.com_profile_images_1258867765965963269_SckczIvD-0-1000-0-1000-crop.jpg"
    },
    "followers": 37,
    "following": 15,
    "watched": 662,
    "lists": 37,
    "likes": 467
  },
  "ppark": {
    "username": "ppark",
    "name": "ppark",
    "url": "https://letterboxd.com/ppark",
    "avatar": {
      "exists": true,
      "upscaled": true,
      "url": "https://a.ltrbxd.com/resized/avatar/upload/5/9/0/5/5/1/0/shard/avtr-0-1000-0-1000-crop.jpg"
    },
    "followers": 7,
    "following": 6,
    "watched": 876,
    "lists": 1,
    "likes": 372
  },
  "ryanshubert": {
    "username": "ryanshubert",
    "name": "ryanshubert",
    "url": "https://letterboxd.com/ryanshubert",
    "avatar": {
      "exists": true,
      "upscaled": true,
      "url": "https://a.ltrbxd.com/resized/avatar/upload/2/3/6/9/1/6/5/shard/avtr-0-1000-0-1000-crop.jpg"
    },
    "followers": 22,
    "following": 32,
    "watched": 1,
    "lists": 7,
    "likes": 791
  },
  "crescendohouse": {
    "username": "crescendohouse",
    "name": "Crescendo House",
    "url": "https://letterboxd.com/crescendohouse",
    "avatar": {
      "exists": true,
      "upscaled": true,
      "url": "https://a.ltrbxd.com/resized/avatar/twitter/4/7/4/8/0/8/9/shard/http___pbs.twimg.com_profile_images_1373370791618830336_1qVBFR8N-0-1000-0-1000-crop.jpg"
    },
    "followers": 322,
    "following": 859,
    "watched": 5,
    "lists": 1,
    "likes": 142
  },
  "brendonyu668": {
    "username": "brendonyu668",
    "name": "Brendonyu668",
    "url": "https://letterboxd.com/brendonyu668",
    "avatar": {
      "exists": true,
      "upscaled": true,
      "url": "https://a.ltrbxd.com/resized/avatar/upload/2/3/4/2/2/3/2/shard/avtr-0-1000-0-1000-crop.jpg"
    },
    "followers": 36,
    "following": 206,
    "watched": 1,
    "lists": 130,
    "likes": 67
  },
  "pdrew1211": {
    "username": "pdrew1211",
    "name": "Parker Bobbitt",
    "url": "https://letterboxd.com/pdrew1211",
    "avatar": {
      "exists": true,
      "upscaled": true,
      "url": "https://a.ltrbxd.com/resized/avatar/upload/1/3/2/0/6/2/8/shard/avtr-0-1000-0-1000-crop.jpg"
    },
    "followers": 777,
    "following": 2,
    "watched": 1,
    "lists": 27,
    "likes": 58
  },
  "jordynhf": {
    "username": "jordynhf",
    "name": "jordynhf",
    "url": "https://letterboxd.com/jordynhf",
    "avatar": {
      "exists": true,
      "upscaled": true,
      "url": "https://a.ltrbxd.com/resized/avatar/upload/2/2/9/0/1/4/8/shard/avtr-0-1000-0-1000-crop.jpg"
    },
    "followers": 22,
    "following": 23,
    "watched": 852,
    "lists": 2,
    "likes": 201
  }
}