{
  "limit": null,
  "count": 2,
  "last_page": 1,
  "lists": {
    "46710824": {
      "title": "Movies to Watch with Priscilla Park",
      "slug": "movies-to-watch-with-priscilla-park",
      "description": "",
      "url": "https://letterboxd.com/nmcassa/list/movies-to-watch-with-priscilla-park/",
      "count": 19,
      "likes": 1,
      "comments": 0
    },
    "30052453": {
      "title": "DEF CON Movie List",
      "slug": "def-con-movie-list",
      "description": "The DEF CON Hacking Conference's suggested movie list. defcon.org/html/links/movie-list.html",
      "url": "https://letterboxd.com/nmcassa/list/def-con-movie-list/",
      "count": 11,
      "likes": 2,
      "comments": 0
    }
  }
}