{
  "films": {
    "tags": {
      "lol": {
        "name": "lol",
        "title": "lol",
        "slug": "lol",
        "link": "https://letterboxd.com/nmcassa/tag/lol/films/",
        "count": 1,
        "no": 1
      }
    },
    "count": 1
  },
  "diary": {
    "tags": {
      "lol": {
        "name": "lol",
        "title": "lol",
        "slug": "lol",
        "link": "https://letterboxd.com/nmcassa/tag/lol/diary/",
        "count": 1,
        "no": 1
      }
    },
    "count": 1
  },
  "reviews": {
    "tags": {
      "lol": {
        "name": "lol",
        "title": "lol",
        "slug": "lol",
        "link": "https://letterboxd.com/nmcassa/tag/lol/reviews/",
        "count": 1,
        "no": 1
      }
    },
    "count": 1
  },
  "lists": {
    "tags": {
      "hacking": {
        "name": "hacking",
        "title": "hacking",
        "slug": "hacking",
        "link": "https://letterboxd.com/nmcassa/tag/hacking/lists/",
        "count": 1,
        "no": 1
      }
    },
    "count": 1
  },
  "total_count": 4
}