{
  "username": "nmcassa",
  "url": "https://letterboxd.com/nmcassa",
  "id": 1500306,
  "is_hq": false,
  "display_name": "nmcassa",
  "bio": null,
  "location": null,
  "website": null,
  "watchlist_length": 78,
  "stats": {
    "films": 677,
    "this_year": 66,
    "lists": 2,
    "following": 8,
    "followers": 8
  },
  "favorites": {
    "51794": {
      "slug": "the-king-of-comedy",
      "name": "The King of Comedy",
      "url": "https://letterboxd.com/film/the-king-of-comedy/",
      "year": 1982,
      "log_url": "https://letterboxd.com/nmcassa/film/the-king-of-comedy/activity/"
    },
    "51529": {
      "slug": "the-conversation",
      "name": "The Conversation",
      "url": "https://letterboxd.com/film/the-conversation/",
      "year": 1974,
      "log_url": "https://letterboxd.com/nmcassa/film/the-conversation/"
    },
    "51090": {
      "slug": "rocky",
      "name": "Rocky",
      "url": "https://letterboxd.com/film/rocky/",
      "year": 1976,
      "log_url": "https://letterboxd.com/nmcassa/film/rocky/"
    },
    "46911": {
      "slug": "children-of-men",
      "name": "Children of Men",
      "url": "https://letterboxd.com/film/children-of-men/",
      "year": 2006,
      "log_url": "https://letterboxd.com/nmcassa/film/children-of-men/"
    }
  },
  "avatar": {
    "exists": true,
    "upscaled": true,
    "url": "https://a.ltrbxd.com/resized/avatar/upload/1/5/0/0/3/0/6/shard/avtr-0-1000-0-1000-crop.jpg"
  },
  "recent": {
    "watchlist": {
      "45577": {
        "id": "45577",
        "slug": "human-traffic",
        "name": "Human Traffic",
        "year": 1999
      },
      "19921": {
        "id": "19921",
        "slug": "the-fighter-2010",
        "name": "The Fighter",
        "year": 2010
      },
      "46431": {
        "id": "46431",
        "slug": "rounders",
        "name": "Rounders",
        "year": 1998
      },
      "45224": {
        "id": "45224",
        "slug": "thief",
        "name": "Thief",
        "year": 1981
      },
      "32345": {
        "id": "32345",
        "slug": "taste-of-cherry",
        "name": "Taste of Cherry",
        "year": 1997
      }
    },
    "diary": {
      "months": {
        "9": {
          "12": [
            {
              "name": "Toy Story",
              "slug": "toy-story"
            },
            {
              "name": "Cars",
              "slug": "cars"
            }
          ],
          "6": [
            {
              "name": "Full Metal Jacket",
              "slug": "full-metal-jacket"
            },
            {
              "name": "Up",
              "slug": "up"
            }
          ]
        },
        "8": {
          "30": [
            {
              "name": "WALL\u00b7E",
              "slug": "walle"
            }
          ],
          "25": [
            {
              "name": "F1",
              "slug": "f1"
            }
          ],
          "24": [
            {
              "name": "Caught Stealing",
              "slug": "caught-stealing"
            }
          ],
          "23": [
            {
              "name": "Zodiac",
              "slug": "zodiac"
            }
          ],
          "18": [
            {
              "name": "Superman",
              "slug": "superman-2025"
            }
          ],
          "16": [
            {
              "name": "The Game",
              "slug": "the-game"
            }
          ]
        }
      }
    }
  }
}