{
  "available": true,
  "count": 78,
  "last_page": 3,
  "filters": null,
  "data": {
    "45577": {
      "name": "Human Traffic",
      "slug": "human-traffic",
      "year": 1999,
      "page": 1,
      "url": "https://letterboxd.com/film/human-traffic/",
      "no": 78
    },
    "19921": {
      "name": "The Fighter",
      "slug": "the-fighter-2010",
      "year": 2010,
      "page": 1,
      "url": "https://letterboxd.com/film/the-fighter-2010/",
      "no": 77
    },
    "46431": {
      "name": "Rounders",
      "slug": "rounders",
      "year": 1998,
      "page": 1,
      "url": "https://letterboxd.com/film/rounders/",
      "no": 76
    },
    "45224": {
      "name": "Thief",
      "slug": "thief",
      "year": 1981,
      "page": 1,
      "url": "https://letterboxd.com/film/thief/",
      "no": 75
    },
    "32345": {
      "name": "Taste of Cherry",
      "slug": "taste-of-cherry",
      "year": 1997,
      "page": 1,
      "url": "https://letterboxd.com/film/taste-of-cherry/",
      "no": 74
    },
    "41544": {
      "name": "Waiting for Guffman",
      "slug": "waiting-for-guffman",
      "year": 1996,
      "page": 1,
      "url": "https://letterboxd.com/film/waiting-for-guffman/",
      "no": 73
    },
    "10261": {
      "name": "The Animatrix",
      "slug": "the-animatrix",
      "year": 2003,
      "page": 1,
      "url": "https://letterboxd.com/film/the-animatrix/",
      "no": 72
    },
    "50188": {
      "name": "Innerspace",
      "slug": "innerspace",
      "year": 1987,
      "page": 1,
      "url": "https://letterboxd.com/film/innerspace/",
      "no": 71
    },
    "35267": {
      "name": "The War Game",
      "slug": "the-war-game",
      "year": 1966,
      "page": 1,
      "url": "https://letterboxd.com/film/the-war-game/",
      "no": 70
    },
    "305515": {
      "name": "Under the Sun",
      "slug": "under-the-sun-2016",
      "year": 2015,
      "page": 1,
      "url": "https://letterboxd.com/film/under-the-sun-2016/",
      "no": 69
    },
    "51388": {
      "name": "The Evil Dead",
      "slug": "the-evil-dead",
      "year": 1981,
      "page": 1,
      "url": "https://letterboxd.com/film/the-evil-dead/",
      "no": 68
    },
    "420563": {
      "name": "American Animals",
      "slug": "american-animals",
      "year": 2018,
      "page": 1,
      "url": "https://letterboxd.com/film/american-animals/",
      "no": 67
    },
    "70792": {
      "name": "The Imposter",
      "slug": "the-imposter-2012",
      "year": 2012,
      "page": 1,
      "url": "https://letterboxd.com/film/the-imposter-2012/",
      "no": 66
    },
    "51946": {
      "name": "Run Lola Run",
      "slug": "run-lola-run",
      "year": 1998,
      "page": 1,
      "url": "https://letterboxd.com/film/run-lola-run/",
      "no": 65
    },
    "45820": {
      "name": "Atlantis: The Lost Empire",
      "slug": "atlantis-the-lost-empire",
      "year": 2001,
      "page": 1,
      "url": "https://letterboxd.com/film/atlantis-the-lost-empire/",
      "no": 64
    },
    "43952": {
      "name": "The Man from Earth",
      "slug": "the-man-from-earth",
      "year": 2007,
      "page": 1,
      "url": "https://letterboxd.com/film/the-man-from-earth/",
      "no": 63
    },
    "46433": {
      "name": "Swingers",
      "slug": "swingers",
      "year": 1996,
      "page": 1,
      "url": "https://letterboxd.com/film/swingers/",
      "no": 62
    },
    "23772": {
      "name": "Peppermint Candy",
      "slug": "peppermint-candy",
      "year": 1999,
      "page": 1,
      "url": "https://letterboxd.com/film/peppermint-candy/",
      "no": 61
    },
    "353485": {
      "name": "Ad Astra",
      "slug": "ad-astra-2019",
      "year": 2019,
      "page": 1,
      "url": "https://letterboxd.com/film/ad-astra-2019/",
      "no": 60
    },
    "51370": {
      "name": "Gattaca",
      "slug": "gattaca",
      "year": 1997,
      "page": 1,
      "url": "https://letterboxd.com/film/gattaca/",
      "no": 59
    },
    "330810": {
      "name": "Under the Silver Lake",
      "slug": "under-the-silver-lake",
      "year": 2018,
      "page": 1,
      "url": "https://letterboxd.com/film/under-the-silver-lake/",
      "no": 58
    },
    "43318": {
      "name": "Timecrimes",
      "slug": "timecrimes",
      "year": 2007,
      "page": 1,
      "url": "https://letterboxd.com/film/timecrimes/",
      "no": 57
    },
    "18627": {
      "name": "Incendies",
      "slug": "incendies",
      "year": 2010,
      "page": 1,
      "url": "https://letterboxd.com/film/incendies/",
      "no": 56
    },
    "132034": {
      "name": "Enemy",
      "slug": "enemy",
      "year": 2013,
      "page": 1,
      "url": "https://letterboxd.com/film/enemy/",
      "no": 55
    },
    "41461": {
      "name": "Days of Heaven",
      "slug": "days-of-heaven",
      "year": 1978,
      "page": 1,
      "url": "https://letterboxd.com/film/days-of-heaven/",
      "no": 54
    },
    "943472": {
      "name": "The Pig, the Snake and the Pigeon",
      "slug": "the-pig-the-snake-and-the-pigeon",
      "year": 2023,
      "page": 1,
      "url": "https://letterboxd.com/film/the-pig-the-snake-and-the-pigeon/",
      "no": 53
    },
    "7023": {
      "name": "The Man Who Stole the Sun",
      "slug": "the-man-who-stole-the-sun",
      "year": 1979,
      "page": 1,
      "url": "https://letterboxd.com/film/the-man-who-stole-the-sun/",
      "no": 52
    },
    "51075": {
      "name": "The Fountain",
      "slug": "the-fountain",
      "year": 2006,
      "page": 1,
      "url": "https://letterboxd.com/film/the-fountain/",
      "no": 51
    },
    "51481": {
      "name": "Battleship Potemkin",
      "slug": "battleship-potemkin",
      "year": 1925,
      "page": 2,
      "url": "https://letterboxd.com/film/battleship-potemkin/",
      "no": 50
    },
    "49955": {
      "name": "The Trial",
      "slug": "the-trial",
      "year": 1962,
      "page": 2,
      "url": "https://letterboxd.com/film/the-trial/",
      "no": 49
    },
    "34618": {
      "name": "Pulse",
      "slug": "pulse-2001",
      "year": 2001,
      "page": 2,
      "url": "https://letterboxd.com/film/pulse-2001/",
      "no": 48
    },
    "51707": {
      "name": "Raising Arizona",
      "slug": "raising-arizona",
      "year": 1987,
      "page": 2,
      "url": "https://letterboxd.com/film/raising-arizona/",
      "no": 47
    },
    "19573": {
      "name": "The Hourglass Sanatorium",
      "slug": "the-hourglass-sanatorium",
      "year": 1973,
      "page": 2,
      "url": "https://letterboxd.com/film/the-hourglass-sanatorium/",
      "no": 46
    },
    "50912": {
      "name": "La Chinoise",
      "slug": "la-chinoise",
      "year": 1967,
      "page": 2,
      "url": "https://letterboxd.com/film/la-chinoise/",
      "no": 45
    },
    "45909": {
      "name": "Network",
      "slug": "network",
      "year": 1976,
      "page": 2,
      "url": "https://letterboxd.com/film/network/",
      "no": 44
    },
    "51483": {
      "name": "Requiem for a Dream",
      "slug": "requiem-for-a-dream",
      "year": 2000,
      "page": 2,
      "url": "https://letterboxd.com/film/requiem-for-a-dream/",
      "no": 43
    },
    "45206": {
      "name": "Altered States",
      "slug": "altered-states",
      "year": 1980,
      "page": 2,
      "url": "https://letterboxd.com/film/altered-states/",
      "no": 42
    },
    "363460": {
      "name": "Night Is Short, Walk On Girl",
      "slug": "night-is-short-walk-on-girl",
      "year": 2017,
      "page": 2,
      "url": "https://letterboxd.com/film/night-is-short-walk-on-girl/",
      "no": 41
    },
    "24284": {
      "name": "The Heartbreak Kid",
      "slug": "the-heartbreak-kid-1972",
      "year": 1972,
      "page": 2,
      "url": "https://letterboxd.com/film/the-heartbreak-kid-1972/",
      "no": 40
    },
    "41662": {
      "name": "The Wicker Man",
      "slug": "the-wicker-man",
      "year": 1973,
      "page": 2,
      "url": "https://letterboxd.com/film/the-wicker-man/",
      "no": 39
    },
    "51397": {
      "name": "From Dusk Till Dawn",
      "slug": "from-dusk-till-dawn",
      "year": 1996,
      "page": 2,
      "url": "https://letterboxd.com/film/from-dusk-till-dawn/",
      "no": 38
    },
    "247121": {
      "name": "Victoria",
      "slug": "victoria-2015",
      "year": 2015,
      "page": 2,
      "url": "https://letterboxd.com/film/victoria-2015/",
      "no": 37
    },
    "51396": {
      "name": "Fantasia",
      "slug": "fantasia",
      "year": 1940,
      "page": 2,
      "url": "https://letterboxd.com/film/fantasia/",
      "no": 36
    },
    "46158": {
      "name": "The Andromeda Strain",
      "slug": "the-andromeda-strain",
      "year": 1971,
      "page": 2,
      "url": "https://letterboxd.com/film/the-andromeda-strain/",
      "no": 35
    },
    "34829": {
      "name": "Mishima: A Life in Four Chapters",
      "slug": "mishima-a-life-in-four-chapters",
      "year": 1985,
      "page": 2,
      "url": "https://letterboxd.com/film/mishima-a-life-in-four-chapters/",
      "no": 34
    },
    "51315": {
      "name": "Videodrome",
      "slug": "videodrome",
      "year": 1983,
      "page": 2,
      "url": "https://letterboxd.com/film/videodrome/",
      "no": 33
    },
    "35224": {
      "name": "Crumb",
      "slug": "crumb",
      "year": 1994,
      "page": 2,
      "url": "https://letterboxd.com/film/crumb/",
      "no": 32
    },
    "55864": {
      "name": "Good Morning",
      "slug": "good-morning",
      "year": 1959,
      "page": 2,
      "url": "https://letterboxd.com/film/good-morning/",
      "no": 31
    },
    "63180": {
      "name": "Chronicle",
      "slug": "chronicle",
      "year": 2012,
      "page": 2,
      "url": "https://letterboxd.com/film/chronicle/",
      "no": 30
    },
    "40728": {
      "name": "Chris Rock: Bigger & Blacker",
      "slug": "chris-rock-bigger-blacker",
      "year": 1999,
      "page": 2,
      "url": "https://letterboxd.com/film/chris-rock-bigger-blacker/",
      "no": 29
    },
    "51291": {
      "name": "Total Recall",
      "slug": "total-recall",
      "year": 1990,
      "page": 2,
      "url": "https://letterboxd.com/film/total-recall/",
      "no": 28
    },
    "51871": {
      "name": "Minority Report",
      "slug": "minority-report",
      "year": 2002,
      "page": 2,
      "url": "https://letterboxd.com/film/minority-report/",
      "no": 27
    },
    "29041": {
      "name": "Enter the Void",
      "slug": "enter-the-void",
      "year": 2009,
      "page": 2,
      "url": "https://letterboxd.com/film/enter-the-void/",
      "no": 26
    },
    "45602": {
      "name": "Chungking Express",
      "slug": "chungking-express",
      "year": 1994,
      "page": 2,
      "url": "https://letterboxd.com/film/chungking-express/",
      "no": 25
    },
    "51981": {
      "name": "Brazil",
      "slug": "brazil",
      "year": 1985,
      "page": 2,
      "url": "https://letterboxd.com/film/brazil/",
      "no": 24
    },
    "51308": {
      "name": "2046",
      "slug": "2046",
      "year": 2004,
      "page": 2,
      "url": "https://letterboxd.com/film/2046/",
      "no": 23
    },
    "46908": {
      "name": "Ichi the Killer",
      "slug": "ichi-the-killer",
      "year": 2001,
      "page": 3,
      "url": "https://letterboxd.com/film/ichi-the-killer/",
      "no": 22
    },
    "51469": {
      "name": "Paris, Texas",
      "slug": "paris-texas",
      "year": 1984,
      "page": 3,
      "url": "https://letterboxd.com/film/paris-texas/",
      "no": 21
    },
    "39611": {
      "name": "Nine to Five",
      "slug": "nine-to-five",
      "year": 1980,
      "page": 3,
      "url": "https://letterboxd.com/film/nine-to-five/",
      "no": 20
    },
    "51440": {
      "name": "Contact",
      "slug": "contact",
      "year": 1997,
      "page": 3,
      "url": "https://letterboxd.com/film/contact/",
      "no": 19
    },
    "50956": {
      "name": "Raging Bull",
      "slug": "raging-bull",
      "year": 1980,
      "page": 3,
      "url": "https://letterboxd.com/film/raging-bull/",
      "no": 18
    },
    "38374": {
      "name": "Possession",
      "slug": "possession",
      "year": 1981,
      "page": 3,
      "url": "https://letterboxd.com/film/possession/",
      "no": 17
    },
    "683486": {
      "name": "James Acaster: Cold Lasagne Hate Myself 1999",
      "slug": "james-acaster-cold-lasagne-hate-myself-1999",
      "year": 2020,
      "page": 3,
      "url": "https://letterboxd.com/film/james-acaster-cold-lasagne-hate-myself-1999/",
      "no": 16
    },
    "49267": {
      "name": "Hearts of Darkness: A Filmmaker's Apocalypse",
      "slug": "hearts-of-darkness-a-filmmakers-apocalypse",
      "year": 1991,
      "page": 3,
      "url": "https://letterboxd.com/film/hearts-of-darkness-a-filmmakers-apocalypse/",
      "no": 15
    },
    "51407": {
      "name": "The Sixth Sense",
      "slug": "the-sixth-sense",
      "year": 1999,
      "page": 3,
      "url": "https://letterboxd.com/film/the-sixth-sense/",
      "no": 14
    },
    "420137": {
      "name": "It's Such a Beautiful Day",
      "slug": "its-such-a-beautiful-day",
      "year": 2012,
      "page": 3,
      "url": "https://letterboxd.com/film/its-such-a-beautiful-day/",
      "no": 13
    },
    "263221": {
      "name": "Manchester by the Sea",
      "slug": "manchester-by-the-sea",
      "year": 2016,
      "page": 3,
      "url": "https://letterboxd.com/film/manchester-by-the-sea/",
      "no": 12
    },
    "426983": {
      "name": "Aniara",
      "slug": "aniara-2018",
      "year": 2018,
      "page": 3,
      "url": "https://letterboxd.com/film/aniara-2018/",
      "no": 11
    },
    "45479": {
      "name": "Drunken Master",
      "slug": "drunken-master",
      "year": 1978,
      "page": 3,
      "url": "https://letterboxd.com/film/drunken-master/",
      "no": 10
    },
    "444617": {
      "name": "Free Solo",
      "slug": "free-solo",
      "year": 2018,
      "page": 3,
      "url": "https://letterboxd.com/film/free-solo/",
      "no": 9
    },
    "436873": {
      "name": "Climax",
      "slug": "climax-2018",
      "year": 2018,
      "page": 3,
      "url": "https://letterboxd.com/film/climax-2018/",
      "no": 8
    },
    "43209": {
      "name": "Hoop Dreams",
      "slug": "hoop-dreams",
      "year": 1994,
      "page": 3,
      "url": "https://letterboxd.com/film/hoop-dreams/",
      "no": 7
    },
    "587612": {
      "name": "Days",
      "slug": "days-2020",
      "year": 2020,
      "page": 3,
      "url": "https://letterboxd.com/film/days-2020/",
      "no": 6
    },
    "30699": {
      "name": "California Split",
      "slug": "california-split",
      "year": 1974,
      "page": 3,
      "url": "https://letterboxd.com/film/california-split/",
      "no": 5
    },
    "310199": {
      "name": "Dunkirk",
      "slug": "dunkirk-2017",
      "year": 2017,
      "page": 3,
      "url": "https://letterboxd.com/film/dunkirk-2017/",
      "no": 4
    },
    "41012": {
      "name": "Moon",
      "slug": "moon",
      "year": 2009,
      "page": 3,
      "url": "https://letterboxd.com/film/moon/",
      "no": 3
    },
    "35988": {
      "name": "Yi Yi",
      "slug": "yi-yi",
      "year": 2000,
      "page": 3,
      "url": "https://letterboxd.com/film/yi-yi/",
      "no": 2
    },
    "460155": {
      "name": "1917",
      "slug": "1917",
      "year": 2019,
      "page": 3,
      "url": "https://letterboxd.com/film/1917/",
      "no": 1
    }
  }
}