{
  "year": 2024,
  "logged": 75,
  "total_review": 30,
  "hours_watched": 145,
  "total_runtime": 8749,
  "first_watched": {
    "502212161": {
      "name": "How to Train Your Dragon",
      "slug": "how-to-train-your-dragon",
      "id": "46460",
      "release": 2010,
      "runtime": 98,
      "actions": {
        "rewatched": false,
        "rating": 8,
        "liked": false,
        "reviewed": false
      },
      "date": {
        "year": 2024,
        "month": 1,
        "day": 2
      },
      "page": {
        "url": "https://letterboxd.com/nmcassa/films/diary/for/2024/page/2/",
        "no": 2
      }
    }
  },
  "last_watched": {
    "677133605": {
      "name": "The Substance",
      "slug": "the-substance",
      "id": "838140",
      "release": 2024,
      "runtime": 141,
      "actions": {
        "rewatched": false,
        "rating": null,
        "liked": false,
        "reviewed": true
      },
      "date": {
        "year": 2024,
        "month": 9,
        "day": 22
      },
      "page": {
        "url": "https://letterboxd.com/nmcassa/films/diary/for/2024/page/1/",
        "no": 1
      }
    }
  },
  "movies": {
    "677133605": {
      "name": "The Substance",
      "slug": "the-substance",
      "id": "838140",
      "release": 2024,
      "runtime": 141,
      "actions": {
        "rewatched": false,
        "rating": null,
        "liked": false,
        "reviewed": true
      },
      "date": {
        "year": 2024,
        "month": 9,
        "day": 22
      },
      "page": {
        "url": "https://letterboxd.com/nmcassa/films/diary/for/2024/page/1/",
        "no": 1
      }
    },
    "676822055": {
      "name": "Whiplash",
      "slug": "whiplash-2014",
      "id": "171384",
      "release": 2014,
      "runtime": 107,
      "actions": {
        "rewatched": true,
        "rating": 10,
        "liked": true,
        "reviewed": true
      },
      "date": {
        "year": 2024,
        "month": 9,
        "day": 22
      },
      "page": {
        "url": "https://letterboxd.com/nmcassa/films/diary/for/2024/page/1/",
        "no": 1
      }
    },
    "671009152": {
      "name": "Speak No Evil",
      "slug": "speak-no-evil-2024",
      "id": "1004531",
      "release": 2024,
      "runtime": 110,
      "actions": {
        "rewatched": false,
        "rating": 6,
        "liked": false,
        "reviewed": true
      },
      "date": {
        "year": 2024,
        "month": 9,
        "day": 13
      },
      "page": {
        "url": "https://letterboxd.com/nmcassa/films/diary/for/2024/page/1/",
        "no": 1
      }
    },
    "670124692": {
      "name": "Kindergarten Cop",
      "slug": "kindergarten-cop",
      "id": "51208",
      "release": 1990,
      "runtime": 111,
      "actions": {
        "rewatched": false,
        "rating": 6,
        "liked": false,
        "reviewed": true
      },
      "date": {
        "year": 2024,
        "month": 9,
        "day": 12
      },
      "page": {
        "url": "https://letterboxd.com/nmcassa/films/diary/for/2024/page/1/",
        "no": 1
      }
    },
    "669751864": {
      "name": "Doom",
      "slug": "doom",
      "id": "47597",
      "release": 2005,
      "runtime": 105,
      "actions": {
        "rewatched": false,
        "rating": 2,
        "liked": false,
        "reviewed": true
      },
      "date": {
        "year": 2024,
        "month": 9,
        "day": 11
      },
      "page": {
        "url": "https://letterboxd.com/nmcassa/films/diary/for/2024/page/1/",
        "no": 1
      }
    },
    "666283987": {
      "name": "Clerks",
      "slug": "clerks",
      "id": "50357",
      "release": 1994,
      "runtime": 92,
      "actions": {
        "rewatched": false,
        "rating": 7,
        "liked": false,
        "reviewed": true
      },
      "date": {
        "year": 2024,
        "month": 9,
        "day": 6
      },
      "page": {
        "url": "https://letterboxd.com/nmcassa/films/diary/for/2024/page/1/",
        "no": 1
      }
    },
    "663901961": {
      "name": "Blink Twice",
      "slug": "blink-twice",
      "id": "756042",
      "release": 2024,
      "runtime": 103,
      "actions": {
        "rewatched": false,
        "rating": 7,
        "liked": false,
        "reviewed": true
      },
      "date": {
        "year": 2024,
        "month": 9,
        "day": 2
      },
      "page": {
        "url": "https://letterboxd.com/nmcassa/films/diary/for/2024/page/1/",
        "no": 1
      }
    },
    "661698850": {
      "name": "Shaun of the Dead",
      "slug": "shaun-of-the-dead",
      "id": "51405",
      "release": 2004,
      "runtime": 99,
      "actions": {
        "rewatched": true,
        "rating": 9,
        "liked": true,
        "reviewed": true
      },
      "date": {
        "year": 2024,
        "month": 8,
        "day": 30
      },
      "page": {
        "url": "https://letterboxd.com/nmcassa/films/diary/for/2024/page/1/",
        "no": 1
      }
    },
    "656950844": {
      "name": "The Devil Wears Prada",
      "slug": "the-devil-wears-prada",
      "id": "51712",
      "release": 2006,
      "runtime": 109,
      "actions": {
        "rewatched": false,
        "rating": null,
        "liked": false,
        "reviewed": true
      },
      "date": {
        "year": 2024,
        "month": 8,
        "day": 23
      },
      "page": {
        "url": "https://letterboxd.com/nmcassa/films/diary/for/2024/page/1/",
        "no": 1
      }
    },
    "654923452": {
      "name": "Alien",
      "slug": "alien",
      "id": "51714",
      "release": 1979,
      "runtime": 117,
      "actions": {
        "rewatched": true,
        "rating": 8,
        "liked": true,
        "reviewed": true
      },
      "date": {
        "year": 2024,
        "month": 8,
        "day": 20
      },
      "page": {
        "url": "https://letterboxd.com/nmcassa/films/diary/for/2024/page/1/",
        "no": 1
      }
    },
    "653727093": {
      "name": "Alien: Romulus",
      "slug": "alien-romulus",
      "id": "850459",
      "release": 2024,
      "runtime": 119,
      "actions": {
        "rewatched": false,
        "rating": 8,
        "liked": false,
        "reviewed": true
      },
      "date": {
        "year": 2024,
        "month": 8,
        "day": 18
      },
      "page": {
        "url": "https://letterboxd.com/nmcassa/films/diary/for/2024/page/1/",
        "no": 1
      }
    },
    "652010967": {
      "name": "Alien",
      "slug": "alien",
      "id": "51714",
      "release": 1979,
      "runtime": 117,
      "actions": {
        "rewatched": false,
        "rating": null,
        "liked": false,
        "reviewed": true
      },
      "date": {
        "year": 2024,
        "month": 8,
        "day": 16
      },
      "page": {
        "url": "https://letterboxd.com/nmcassa/films/diary/for/2024/page/1/",
        "no": 1
      }
    },
    "650109052": {
      "name": "Upgrade",
      "slug": "upgrade",
      "id": "430633",
      "release": 2018,
      "runtime": 100,
      "actions": {
        "rewatched": false,
        "rating": null,
        "liked": false,
        "reviewed": false
      },
      "date": {
        "year": 2024,
        "month": 8,
        "day": 13
      },
      "page": {
        "url": "https://letterboxd.com/nmcassa/films/diary/for/2024/page/1/",
        "no": 1
      }
    },
    "642931522": {
      "name": "Trap",
      "slug": "trap-2024",
      "id": "931164",
      "release": 2024,
      "runtime": 105,
      "actions": {
        "rewatched": false,
        "rating": 7,
        "liked": false,
        "reviewed": true
      },
      "date": {
        "year": 2024,
        "month": 8,
        "day": 2
      },
      "page": {
        "url": "https://letterboxd.com/nmcassa/films/diary/for/2024/page/1/",
        "no": 1
      }
    },
    "639450724": {
      "name": "The World's End",
      "slug": "the-worlds-end",
      "id": "86991",
      "release": 2013,
      "runtime": 109,
      "actions": {
        "rewatched": true,
        "rating": 8,
        "liked": false,
        "reviewed": false
      },
      "date": {
        "year": 2024,
        "month": 7,
        "day": 28
      },
      "page": {
        "url": "https://letterboxd.com/nmcassa/films/diary/for/2024/page/1/",
        "no": 1
      }
    },
    "637839598": {
      "name": "Starship Troopers",
      "slug": "starship-troopers",
      "id": "51555",
      "release": 1997,
      "runtime": 129,
      "actions": {
        "rewatched": false,
        "rating": 8,
        "liked": true,
        "reviewed": true
      },
      "date": {
        "year": 2024,
        "month": 7,
        "day": 25
      },
      "page": {
        "url": "https://letterboxd.com/nmcassa/films/diary/for/2024/page/1/",
        "no": 1
      }
    },
    "633030376": {
      "name": "Twisters",
      "slug": "twisters",
      "id": "641608",
      "release": 2024,
      "runtime": 123,
      "actions": {
        "rewatched": false,
        "rating": 5,
        "liked": false,
        "reviewed": true
      },
      "date": {
        "year": 2024,
        "month": 7,
        "day": 18
      },
      "page": {
        "url": "https://letterboxd.com/nmcassa/films/diary/for/2024/page/1/",
        "no": 1
      }
    },
    "632337584": {
      "name": "Birdman or (The Unexpected Virtue of Ignorance)",
      "slug": "birdman-or-the-unexpected-virtue-of-ignorance",
      "id": "139795",
      "release": 2014,
      "runtime": 120,
      "actions": {
        "rewatched": false,
        "rating": 7,
        "liked": false,
        "reviewed": false
      },
      "date": {
        "year": 2024,
        "month": 7,
        "day": 17
      },
      "page": {
        "url": "https://letterboxd.com/nmcassa/films/diary/for/2024/page/1/",
        "no": 1
      }
    },
    "630450484": {
      "name": "Dr. Strangelove or: How I Learned to Stop Worrying and Love the Bomb",
      "slug": "dr-strangelove-or-how-i-learned-to-stop-worrying-and-love-the-bomb",
      "id": "51218",
      "release": 1964,
      "runtime": 95,
      "actions": {
        "rewatched": false,
        "rating": 9,
        "liked": true,
        "reviewed": true
      },
      "date": {
        "year": 2024,
        "month": 7,
        "day": 14
      },
      "page": {
        "url": "https://letterboxd.com/nmcassa/films/diary/for/2024/page/1/",
        "no": 1
      }
    },
    "629404971": {
      "name": "All That Jazz",
      "slug": "all-that-jazz",
      "id": "41361",
      "release": 1979,
      "runtime": 123,
      "actions": {
        "rewatched": false,
        "rating": 8,
        "liked": false,
        "reviewed": false
      },
      "date": {
        "year": 2024,
        "month": 7,
        "day": 13
      },
      "page": {
        "url": "https://letterboxd.com/nmcassa/films/diary/for/2024/page/1/",
        "no": 1
      }
    },
    "624189413": {
      "name": "MaXXXine",
      "slug": "maxxxine",
      "id": "922858",
      "release": 2024,
      "runtime": 104,
      "actions": {
        "rewatched": false,
        "rating": 5,
        "liked": false,
        "reviewed": false
      },
      "date": {
        "year": 2024,
        "month": 7,
        "day": 5
      },
      "page": {
        "url": "https://letterboxd.com/nmcassa/films/diary/for/2024/page/1/",
        "no": 1
      }
    },
    "623147894": {
      "name": "La Haine",
      "slug": "la-haine",
      "id": "51684",
      "release": 1995,
      "runtime": 98,
      "actions": {
        "rewatched": false,
        "rating": 8,
        "liked": false,
        "reviewed": true
      },
      "date": {
        "year": 2024,
        "month": 7,
        "day": 3
      },
      "page": {
        "url": "https://letterboxd.com/nmcassa/films/diary/for/2024/page/1/",
        "no": 1
      }
    },
    "621893199": {
      "name": "Blade Runner 2049",
      "slug": "blade-runner-2049",
      "id": "265439",
      "release": 2017,
      "runtime": 164,
      "actions": {
        "rewatched": false,
        "rating": 8,
        "liked": false,
        "reviewed": true
      },
      "date": {
        "year": 2024,
        "month": 7,
        "day": 1
      },
      "page": {
        "url": "https://letterboxd.com/nmcassa/films/diary/for/2024/page/1/",
        "no": 1
      }
    },
    "620684283": {
      "name": "Speed Racer",
      "slug": "speed-racer",
      "id": "48018",
      "release": 2008,
      "runtime": 135,
      "actions": {
        "rewatched": true,
        "rating": 9,
        "liked": true,
        "reviewed": true
      },
      "date": {
        "year": 2024,
        "month": 6,
        "day": 29
      },
      "page": {
        "url": "https://letterboxd.com/nmcassa/films/diary/for/2024/page/1/",
        "no": 1
      }
    },
    "618965070": {
      "name": "Kinds of Kindness",
      "slug": "kinds-of-kindness",
      "id": "928261",
      "release": 2024,
      "runtime": 164,
      "actions": {
        "rewatched": false,
        "rating": 4,
        "liked": false,
        "reviewed": true
      },
      "date": {
        "year": 2024,
        "month": 6,
        "day": 26
      },
      "page": {
        "url": "https://letterboxd.com/nmcassa/films/diary/for/2024/page/1/",
        "no": 1
      }
    },
    "618315514": {
      "name": "They Cloned Tyrone",
      "slug": "they-cloned-tyrone",
      "id": "658906",
      "release": 2023,
      "runtime": 122,
      "actions": {
        "rewatched": false,
        "rating": 9,
        "liked": false,
        "reviewed": true
      },
      "date": {
        "year": 2024,
        "month": 6,
        "day": 25
      },
      "page": {
        "url": "https://letterboxd.com/nmcassa/films/diary/for/2024/page/1/",
        "no": 1
      }
    },
    "612416628": {
      "name": "L\u00e9on: The Professional",
      "slug": "leon-the-professional",
      "id": "51949",
      "release": 1994,
      "runtime": 111,
      "actions": {
        "rewatched": false,
        "rating": 7,
        "liked": false,
        "reviewed": true
      },
      "date": {
        "year": 2024,
        "month": 6,
        "day": 15
      },
      "page": {
        "url": "https://letterboxd.com/nmcassa/films/diary/for/2024/page/1/",
        "no": 1
      }
    },
    "612245929": {
      "name": "Looper",
      "slug": "looper",
      "id": "6599",
      "release": 2012,
      "runtime": 118,
      "actions": {
        "rewatched": false,
        "rating": 6,
        "liked": false,
        "reviewed": true
      },
      "date": {
        "year": 2024,
        "month": 6,
        "day": 15
      },
      "page": {
        "url": "https://letterboxd.com/nmcassa/films/diary/for/2024/page/1/",
        "no": 1
      }
    },
    "611327083": {
      "name": "Burning",
      "slug": "burning-2018",
      "id": "422035",
      "release": 2018,
      "runtime": 148,
      "actions": {
        "rewatched": false,
        "rating": 7,
        "liked": false,
        "reviewed": true
      },
      "date": {
        "year": 2024,
        "month": 6,
        "day": 13
      },
      "page": {
        "url": "https://letterboxd.com/nmcassa/films/diary/for/2024/page/1/",
        "no": 1
      }
    },
    "604283899": {
      "name": "Carrie",
      "slug": "carrie-1976",
      "id": "48049",
      "release": 1976,
      "runtime": 98,
      "actions": {
        "rewatched": false,
        "rating": 9,
        "liked": false,
        "reviewed": true
      },
      "date": {
        "year": 2024,
        "month": 6,
        "day": 1
      },
      "page": {
        "url": "https://letterboxd.com/nmcassa/films/diary/for/2024/page/1/",
        "no": 1
      }
    },
    "599460129": {
      "name": "Furiosa: A Mad Max Saga",
      "slug": "furiosa-a-mad-max-saga",
      "id": "705221",
      "release": 2024,
      "runtime": 149,
      "actions": {
        "rewatched": false,
        "rating": 8,
        "liked": false,
        "reviewed": true
      },
      "date": {
        "year": 2024,
        "month": 5,
        "day": 25
      },
      "page": {
        "url": "https://letterboxd.com/nmcassa/films/diary/for/2024/page/1/",
        "no": 1
      }
    },
    "598682229": {
      "name": "Mad Max: Fury Road",
      "slug": "mad-max-fury-road",
      "id": "62780",
      "release": 2015,
      "runtime": 121,
      "actions": {
        "rewatched": false,
        "rating": 7,
        "liked": false,
        "reviewed": true
      },
      "date": {
        "year": 2024,
        "month": 5,
        "day": 23
      },
      "page": {
        "url": "https://letterboxd.com/nmcassa/films/diary/for/2024/page/1/",
        "no": 1
      }
    },
    "596956228": {
      "name": "I Saw the TV Glow",
      "slug": "i-saw-the-tv-glow",
      "id": "772230",
      "release": 2024,
      "runtime": 100,
      "actions": {
        "rewatched": false,
        "rating": 4,
        "liked": false,
        "reviewed": true
      },
      "date": {
        "year": 2024,
        "month": 5,
        "day": 20
      },
      "page": {
        "url": "https://letterboxd.com/nmcassa/films/diary/for/2024/page/1/",
        "no": 1
      }
    },
    "593809314": {
      "name": "Thelma & Louise",
      "slug": "thelma-louise",
      "id": "50992",
      "release": 1991,
      "runtime": 130,
      "actions": {
        "rewatched": false,
        "rating": 7,
        "liked": false,
        "reviewed": false
      },
      "date": {
        "year": 2024,
        "month": 5,
        "day": 15
      },
      "page": {
        "url": "https://letterboxd.com/nmcassa/films/diary/for/2024/page/1/",
        "no": 1
      }
    },
    "592649824": {
      "name": "The Matrix",
      "slug": "the-matrix",
      "id": "51518",
      "release": 1999,
      "runtime": 136,
      "actions": {
        "rewatched": false,
        "rating": 9,
        "liked": false,
        "reviewed": false
      },
      "date": {
        "year": 2024,
        "month": 5,
        "day": 13
      },
      "page": {
        "url": "https://letterboxd.com/nmcassa/films/diary/for/2024/page/1/",
        "no": 1
      }
    },
    "589459602": {
      "name": "The Fall Guy",
      "slug": "the-fall-guy-2024",
      "id": "667550",
      "release": 2024,
      "runtime": 126,
      "actions": {
        "rewatched": false,
        "rating": 7,
        "liked": false,
        "reviewed": false
      },
      "date": {
        "year": 2024,
        "month": 5,
        "day": 7
      },
      "page": {
        "url": "https://letterboxd.com/nmcassa/films/diary/for/2024/page/1/",
        "no": 1
      }
    },
    "588510762": {
      "name": "Baby Reindeer",
      "slug": "baby-reindeer",
      "id": "1156611",
      "release": 2024,
      "runtime": 237,
      "actions": {
        "rewatched": false,
        "rating": 9,
        "liked": false,
        "reviewed": false
      },
      "date": {
        "year": 2024,
        "month": 5,
        "day": 6
      },
      "page": {
        "url": "https://letterboxd.com/nmcassa/films/diary/for/2024/page/1/",
        "no": 1
      }
    },
    "581065562": {
      "name": "SPY x FAMILY CODE: White",
      "slug": "spy-x-family-code-white",
      "id": "958439",
      "release": 2023,
      "runtime": 110,
      "actions": {
        "rewatched": false,
        "rating": 7,
        "liked": false,
        "reviewed": false
      },
      "date": {
        "year": 2024,
        "month": 4,
        "day": 24
      },
      "page": {
        "url": "https://letterboxd.com/nmcassa/films/diary/for/2024/page/1/",
        "no": 1
      }
    },
    "576567854": {
      "name": "Civil War",
      "slug": "civil-war-2024",
      "id": "834656",
      "release": 2024,
      "runtime": 109,
      "actions": {
        "rewatched": false,
        "rating": 3,
        "liked": false,
        "reviewed": true
      },
      "date": {
        "year": 2024,
        "month": 4,
        "day": 16
      },
      "page": {
        "url": "https://letterboxd.com/nmcassa/films/diary/for/2024/page/1/",
        "no": 1
      }
    },
    "574176114": {
      "name": "We Need to Talk About Kevin",
      "slug": "we-need-to-talk-about-kevin",
      "id": "57622",
      "release": 2011,
      "runtime": 113,
      "actions": {
        "rewatched": false,
        "rating": 4,
        "liked": false,
        "reviewed": false
      },
      "date": {
        "year": 2024,
        "month": 4,
        "day": 13
      },
      "page": {
        "url": "https://letterboxd.com/nmcassa/films/diary/for/2024/page/1/",
        "no": 1
      }
    },
    "572740431": {
      "name": "Waking Life",
      "slug": "waking-life",
      "id": "47363",
      "release": 2001,
      "runtime": 99,
      "actions": {
        "rewatched": false,
        "rating": null,
        "liked": false,
        "reviewed": false
      },
      "date": {
        "year": 2024,
        "month": 4,
        "day": 9
      },
      "page": {
        "url": "https://letterboxd.com/nmcassa/films/diary/for/2024/page/1/",
        "no": 1
      }
    },
    "571324344": {
      "name": "Monkey Man",
      "slug": "monkey-man",
      "id": "488751",
      "release": 2024,
      "runtime": 121,
      "actions": {
        "rewatched": false,
        "rating": 9,
        "liked": true,
        "reviewed": true
      },
      "date": {
        "year": 2024,
        "month": 4,
        "day": 7
      },
      "page": {
        "url": "https://letterboxd.com/nmcassa/films/diary/for/2024/page/1/",
        "no": 1
      }
    },
    "571211699": {
      "name": "Dune: Part Two",
      "slug": "dune-part-two",
      "id": "617443",
      "release": 2024,
      "runtime": 167,
      "actions": {
        "rewatched": false,
        "rating": 10,
        "liked": false,
        "reviewed": false
      },
      "date": {
        "year": 2024,
        "month": 4,
        "day": 7
      },
      "page": {
        "url": "https://letterboxd.com/nmcassa/films/diary/for/2024/page/1/",
        "no": 1
      }
    },
    "568712021": {
      "name": "In Bruges",
      "slug": "in-bruges",
      "id": "47809",
      "release": 2008,
      "runtime": 108,
      "actions": {
        "rewatched": false,
        "rating": 8,
        "liked": false,
        "reviewed": false
      },
      "date": {
        "year": 2024,
        "month": 4,
        "day": 3
      },
      "page": {
        "url": "https://letterboxd.com/nmcassa/films/diary/for/2024/page/1/",
        "no": 1
      }
    },
    "567872745": {
      "name": "Burn After Reading",
      "slug": "burn-after-reading",
      "id": "49054",
      "release": 2008,
      "runtime": 96,
      "actions": {
        "rewatched": false,
        "rating": 8,
        "liked": false,
        "reviewed": false
      },
      "date": {
        "year": 2024,
        "month": 4,
        "day": 2
      },
      "page": {
        "url": "https://letterboxd.com/nmcassa/films/diary/for/2024/page/1/",
        "no": 1
      }
    },
    "565479772": {
      "name": "Dune",
      "slug": "dune-2021",
      "id": "371378",
      "release": 2021,
      "runtime": 155,
      "actions": {
        "rewatched": false,
        "rating": 8,
        "liked": false,
        "reviewed": false
      },
      "date": {
        "year": 2024,
        "month": 3,
        "day": 30
      },
      "page": {
        "url": "https://letterboxd.com/nmcassa/films/diary/for/2024/page/1/",
        "no": 1
      }
    },
    "563012693": {
      "name": "Late Night with the Devil",
      "slug": "late-night-with-the-devil",
      "id": "843415",
      "release": 2023,
      "runtime": 93,
      "actions": {
        "rewatched": false,
        "rating": 5,
        "liked": false,
        "reviewed": false
      },
      "date": {
        "year": 2024,
        "month": 3,
        "day": 26
      },
      "page": {
        "url": "https://letterboxd.com/nmcassa/films/diary/for/2024/page/1/",
        "no": 1
      }
    },
    "548142042": {
      "name": "Superbad",
      "slug": "superbad",
      "id": "47776",
      "release": 2007,
      "runtime": 113,
      "actions": {
        "rewatched": false,
        "rating": 10,
        "liked": true,
        "reviewed": false
      },
      "date": {
        "year": 2024,
        "month": 3,
        "day": 4
      },
      "page": {
        "url": "https://letterboxd.com/nmcassa/films/diary/for/2024/page/1/",
        "no": 1
      }
    },
    "546447018": {
      "name": "Jackie Brown",
      "slug": "jackie-brown",
      "id": "51868",
      "release": 1997,
      "runtime": 154,
      "actions": {
        "rewatched": false,
        "rating": 9,
        "liked": false,
        "reviewed": false
      },
      "date": {
        "year": 2024,
        "month": 3,
        "day": 2
      },
      "page": {
        "url": "https://letterboxd.com/nmcassa/films/diary/for/2024/page/1/",
        "no": 1
      }
    },
    "544863832": {
      "name": "The Grand Tour: Sand Job",
      "slug": "the-grand-tour-sand-job",
      "id": "1123682",
      "release": 2024,
      "runtime": 136,
      "actions": {
        "rewatched": false,
        "rating": null,
        "liked": false,
        "reviewed": false
      },
      "date": {
        "year": 2024,
        "month": 2,
        "day": 29
      },
      "page": {
        "url": "https://letterboxd.com/nmcassa/films/diary/for/2024/page/1/",
        "no": 1
      }
    },
    "544553588": {
      "name": "John Wick",
      "slug": "john-wick",
      "id": "172076",
      "release": 2014,
      "runtime": 101,
      "actions": {
        "rewatched": false,
        "rating": 7,
        "liked": false,
        "reviewed": false
      },
      "date": {
        "year": 2024,
        "month": 2,
        "day": 29
      },
      "page": {
        "url": "https://letterboxd.com/nmcassa/films/diary/for/2024/page/2/",
        "no": 2
      }
    },
    "543534892": {
      "name": "The Ascent",
      "slug": "the-ascent",
      "id": "15466",
      "release": 1977,
      "runtime": 111,
      "actions": {
        "rewatched": false,
        "rating": 7,
        "liked": false,
        "reviewed": false
      },
      "date": {
        "year": 2024,
        "month": 2,
        "day": 27
      },
      "page": {
        "url": "https://letterboxd.com/nmcassa/films/diary/for/2024/page/2/",
        "no": 2
      }
    },
    "541659364": {
      "name": "Perfect Days",
      "slug": "perfect-days-2023",
      "id": "879229",
      "release": 2023,
      "runtime": 124,
      "actions": {
        "rewatched": false,
        "rating": 9,
        "liked": true,
        "reviewed": false
      },
      "date": {
        "year": 2024,
        "month": 2,
        "day": 24
      },
      "page": {
        "url": "https://letterboxd.com/nmcassa/films/diary/for/2024/page/2/",
        "no": 2
      }
    },
    "540915579": {
      "name": "Drive-Away Dolls",
      "slug": "drive-away-dolls",
      "id": "861250",
      "release": 2024,
      "runtime": 85,
      "actions": {
        "rewatched": false,
        "rating": 5,
        "liked": false,
        "reviewed": false
      },
      "date": {
        "year": 2024,
        "month": 2,
        "day": 23
      },
      "page": {
        "url": "https://letterboxd.com/nmcassa/films/diary/for/2024/page/2/",
        "no": 2
      }
    },
    "537456035": {
      "name": "The Iron Giant",
      "slug": "the-iron-giant",
      "id": "46280",
      "release": 1999,
      "runtime": 86,
      "actions": {
        "rewatched": false,
        "rating": 9,
        "liked": true,
        "reviewed": false
      },
      "date": {
        "year": 2024,
        "month": 2,
        "day": 18
      },
      "page": {
        "url": "https://letterboxd.com/nmcassa/films/diary/for/2024/page/2/",
        "no": 2
      }
    },
    "536029935": {
      "name": "Cure",
      "slug": "cure",
      "id": "28195",
      "release": 1997,
      "runtime": 111,
      "actions": {
        "rewatched": false,
        "rating": 10,
        "liked": true,
        "reviewed": false
      },
      "date": {
        "year": 2024,
        "month": 2,
        "day": 16
      },
      "page": {
        "url": "https://letterboxd.com/nmcassa/films/diary/for/2024/page/2/",
        "no": 2
      }
    },
    "535023600": {
      "name": "Close Encounters of the Third Kind",
      "slug": "close-encounters-of-the-third-kind",
      "id": "51312",
      "release": 1977,
      "runtime": 135,
      "actions": {
        "rewatched": false,
        "rating": 7,
        "liked": false,
        "reviewed": false
      },
      "date": {
        "year": 2024,
        "month": 2,
        "day": 15
      },
      "page": {
        "url": "https://letterboxd.com/nmcassa/films/diary/for/2024/page/2/",
        "no": 2
      }
    },
    "534179051": {
      "name": "Man on the Moon",
      "slug": "man-on-the-moon",
      "id": "50749",
      "release": 1999,
      "runtime": 118,
      "actions": {
        "rewatched": false,
        "rating": 8,
        "liked": false,
        "reviewed": false
      },
      "date": {
        "year": 2024,
        "month": 2,
        "day": 14
      },
      "page": {
        "url": "https://letterboxd.com/nmcassa/films/diary/for/2024/page/2/",
        "no": 2
      }
    },
    "531364149": {
      "name": "Argylle",
      "slug": "argylle",
      "id": "763160",
      "release": 2024,
      "runtime": 139,
      "actions": {
        "rewatched": false,
        "rating": 2,
        "liked": false,
        "reviewed": false
      },
      "date": {
        "year": 2024,
        "month": 2,
        "day": 9
      },
      "page": {
        "url": "https://letterboxd.com/nmcassa/films/diary/for/2024/page/2/",
        "no": 2
      }
    },
    "529006028": {
      "name": "Fallen Leaves",
      "slug": "fallen-leaves-2023",
      "id": "888054",
      "release": 2023,
      "runtime": 81,
      "actions": {
        "rewatched": false,
        "rating": 8,
        "liked": true,
        "reviewed": false
      },
      "date": {
        "year": 2024,
        "month": 2,
        "day": 6
      },
      "page": {
        "url": "https://letterboxd.com/nmcassa/films/diary/for/2024/page/2/",
        "no": 2
      }
    },
    "528065678": {
      "name": "Anatomy of a Fall",
      "slug": "anatomy-of-a-fall",
      "id": "822093",
      "release": 2023,
      "runtime": 151,
      "actions": {
        "rewatched": false,
        "rating": 9,
        "liked": true,
        "reviewed": false
      },
      "date": {
        "year": 2024,
        "month": 2,
        "day": 4
      },
      "page": {
        "url": "https://letterboxd.com/nmcassa/films/diary/for/2024/page/2/",
        "no": 2
      }
    },
    "527808713": {
      "name": "Liverpool",
      "slug": "liverpool",
      "id": "82344",
      "release": 2008,
      "runtime": 84,
      "actions": {
        "rewatched": false,
        "rating": 5,
        "liked": false,
        "reviewed": false
      },
      "date": {
        "year": 2024,
        "month": 2,
        "day": 4
      },
      "page": {
        "url": "https://letterboxd.com/nmcassa/films/diary/for/2024/page/2/",
        "no": 2
      }
    },
    "524202738": {
      "name": "PlayTime",
      "slug": "playtime",
      "id": "46424",
      "release": 1967,
      "runtime": 115,
      "actions": {
        "rewatched": false,
        "rating": 8,
        "liked": false,
        "reviewed": false
      },
      "date": {
        "year": 2024,
        "month": 1,
        "day": 29
      },
      "page": {
        "url": "https://letterboxd.com/nmcassa/films/diary/for/2024/page/2/",
        "no": 2
      }
    },
    "521620480": {
      "name": "The Zone of Interest",
      "slug": "the-zone-of-interest",
      "id": "398800",
      "release": 2023,
      "runtime": 105,
      "actions": {
        "rewatched": false,
        "rating": 7,
        "liked": false,
        "reviewed": false
      },
      "date": {
        "year": 2024,
        "month": 1,
        "day": 26
      },
      "page": {
        "url": "https://letterboxd.com/nmcassa/films/diary/for/2024/page/2/",
        "no": 2
      }
    },
    "521004508": {
      "name": "Maestro",
      "slug": "maestro-2023",
      "id": "453069",
      "release": 2023,
      "runtime": 129,
      "actions": {
        "rewatched": false,
        "rating": 5,
        "liked": false,
        "reviewed": false
      },
      "date": {
        "year": 2024,
        "month": 1,
        "day": 25
      },
      "page": {
        "url": "https://letterboxd.com/nmcassa/films/diary/for/2024/page/2/",
        "no": 2
      }
    },
    "519469533": {
      "name": "Society of the Snow",
      "slug": "society-of-the-snow",
      "id": "813840",
      "release": 2023,
      "runtime": 144,
      "actions": {
        "rewatched": false,
        "rating": 10,
        "liked": true,
        "reviewed": false
      },
      "date": {
        "year": 2024,
        "month": 1,
        "day": 23
      },
      "page": {
        "url": "https://letterboxd.com/nmcassa/films/diary/for/2024/page/2/",
        "no": 2
      }
    },
    "513520182": {
      "name": "Black Swan",
      "slug": "black-swan",
      "id": "20956",
      "release": 2010,
      "runtime": 109,
      "actions": {
        "rewatched": false,
        "rating": 9,
        "liked": true,
        "reviewed": false
      },
      "date": {
        "year": 2024,
        "month": 1,
        "day": 15
      },
      "page": {
        "url": "https://letterboxd.com/nmcassa/films/diary/for/2024/page/2/",
        "no": 2
      }
    },
    "512524578": {
      "name": "Gravity",
      "slug": "gravity-2013",
      "id": "16529",
      "release": 2013,
      "runtime": 91,
      "actions": {
        "rewatched": false,
        "rating": 7,
        "liked": false,
        "reviewed": false
      },
      "date": {
        "year": 2024,
        "month": 1,
        "day": 14
      },
      "page": {
        "url": "https://letterboxd.com/nmcassa/films/diary/for/2024/page/2/",
        "no": 2
      }
    },
    "509190765": {
      "name": "Death Race 2000",
      "slug": "death-race-2000",
      "id": "44012",
      "release": 1975,
      "runtime": 80,
      "actions": {
        "rewatched": false,
        "rating": 5,
        "liked": false,
        "reviewed": false
      },
      "date": {
        "year": 2024,
        "month": 1,
        "day": 10
      },
      "page": {
        "url": "https://letterboxd.com/nmcassa/films/diary/for/2024/page/2/",
        "no": 2
      }
    },
    "508709056": {
      "name": "The Conversation",
      "slug": "the-conversation",
      "id": "51529",
      "release": 1974,
      "runtime": 114,
      "actions": {
        "rewatched": false,
        "rating": 10,
        "liked": true,
        "reviewed": false
      },
      "date": {
        "year": 2024,
        "month": 1,
        "day": 9
      },
      "page": {
        "url": "https://letterboxd.com/nmcassa/films/diary/for/2024/page/2/",
        "no": 2
      }
    },
    "508559593": {
      "name": "Total Recall",
      "slug": "total-recall-2012",
      "id": "331",
      "release": 2012,
      "runtime": 118,
      "actions": {
        "rewatched": false,
        "rating": 4,
        "liked": false,
        "reviewed": false
      },
      "date": {
        "year": 2024,
        "month": 1,
        "day": 9
      },
      "page": {
        "url": "https://letterboxd.com/nmcassa/films/diary/for/2024/page/2/",
        "no": 2
      }
    },
    "506072802": {
      "name": "My Life as a Zucchini",
      "slug": "my-life-as-a-zucchini",
      "id": "327909",
      "release": 2016,
      "runtime": 66,
      "actions": {
        "rewatched": false,
        "rating": 9,
        "liked": false,
        "reviewed": false
      },
      "date": {
        "year": 2024,
        "month": 1,
        "day": 6
      },
      "page": {
        "url": "https://letterboxd.com/nmcassa/films/diary/for/2024/page/2/",
        "no": 2
      }
    },
    "505708868": {
      "name": "Neighbors",
      "slug": "neighbors-2014",
      "id": "140512",
      "release": 2014,
      "runtime": 97,
      "actions": {
        "rewatched": false,
        "rating": 3,
        "liked": false,
        "reviewed": false
      },
      "date": {
        "year": 2024,
        "month": 1,
        "day": 6
      },
      "page": {
        "url": "https://letterboxd.com/nmcassa/films/diary/for/2024/page/2/",
        "no": 2
      }
    },
    "502947123": {
      "name": "Airplane!",
      "slug": "airplane",
      "id": "51339",
      "release": 1980,
      "runtime": 88,
      "actions": {
        "rewatched": false,
        "rating": 8,
        "liked": true,
        "reviewed": false
      },
      "date": {
        "year": 2024,
        "month": 1,
        "day": 3
      },
      "page": {
        "url": "https://letterboxd.com/nmcassa/films/diary/for/2024/page/2/",
        "no": 2
      }
    },
    "502212161": {
      "name": "How to Train Your Dragon",
      "slug": "how-to-train-your-dragon",
      "id": "46460",
      "release": 2010,
      "runtime": 98,
      "actions": {
        "rewatched": false,
        "rating": 8,
        "liked": false,
        "reviewed": false
      },
      "date": {
        "year": 2024,
        "month": 1,
        "day": 2
      },
      "page": {
        "url": "https://letterboxd.com/nmcassa/films/diary/for/2024/page/2/",
        "no": 2
      }
    }
  },
  "months": {
    "1": 13,
    "2": 13,
    "3": 4,
    "4": 8,
    "5": 7,
    "6": 7,
    "7": 9,
    "8": 7,
    "9": 7,
    "10": 0,
    "11": 0,
    "12": 0
  },
  "days": {
    "1": 8,
    "2": 14,
    "3": 10,
    "4": 9,
    "5": 11,
    "6": 12,
    "7": 11
  },
  "milestones": {
    "50": {
      "544863832": {
        "name": "The Grand Tour: Sand Job",
        "slug": "the-grand-tour-sand-job",
        "id": "1123682",
        "release": 2024,
        "runtime": 136,
        "actions": {
          "rewatched": false,
          "rating": null,
          "liked": false,
          "reviewed": false
        },
        "date": {
          "year": 2024,
          "month": 2,
          "day": 29
        },
        "page": {
          "url": "https://letterboxd.com/nmcassa/films/diary/for/2024/page/1/",
          "no": 1
        }
      }
    }
  }
}