name,slug,id,release,runtime,rewatched,rating,liked,reviewed,date
Ginger Snaps,ginger-snaps,46762,2000,,0,6,1,1,2025-10-28
Kick-Ass,kick-ass,37354,2010,,1,5,1,1,2025-10-27
Creep,creep-2014,174928,2014,,1,8,1,1,2025-10-24
Crank: High Voltage,crank-high-voltage,42603,2009,,1,9,1,1,2025-10-19
Bugonia,bugonia,625400,2025,,0,9,1,1,2025-10-18
Driving Delco,driving-delco,1149452,2022,,0,,1,1,2025-10-16
Bad Lieutenant: Port of Call – New Orleans,bad-lieutenant-port-of-call-new-orleans,45055,2009,,0,8,1,1,2025-10-14
One Battle After Another,one-battle-after-another,951277,2025,,1,8,1,0,2025-10-13
The Killer,the-killer,45850,1989,,0,8,1,0,2025-10-11
A Better Tomorrow,a-better-tomorrow,45272,1986,,0,8,1,1,2025-10-11
Burn After Reading,burn-after-reading,49054,2008,,1,8,1,0,2025-10-11
Good Time,good-time,362362,2017,,1,9,1,1,2025-10-10
Half Past Dead,half-past-dead,46482,2002,,0,7,1,1,2025-10-10
The Smashing Machine,the-smashing-machine-2025,680739,2025,,0,6,0,1,2025-10-04
Gummo,gummo,40368,1997,,0,8,1,0,2025-09-25
Snatch,snatch,51943,2000,,1,7,1,1,2025-09-24
Cruising,cruising,34050,1980,,0,6,1,1,2025-09-22
"Lock, Stock and Two Smoking Barrels",lock-stock-and-two-smoking-barrels,51950,1998,,1,9,1,0,2025-09-22
Female Trouble,female-trouble,43216,1974,,0,,0,0,2025-09-21
The Master,the-master-2012,52512,2012,,0,9,1,0,2025-09-19
Inherent Vice,inherent-vice,125830,2014,,1,9,1,1,2025-09-19
One Battle After Another,one-battle-after-another,951277,2025,,1,8,1,1,2025-09-16
Killing Them Softly,killing-them-softly,278,2012,,1,6,1,1,2025-09-14
Crank: High Voltage,crank-high-voltage,42603,2009,,0,8,1,1,2025-09-10
Sniper: Special Ops,sniper-special-ops,328649,2016,,0,1,0,1,2025-09-10
Hard to Kill,hard-to-kill,47031,1990,,0,6,1,1,2025-09-09
The Counselor,the-counselor,87685,2013,,0,6,0,1,2025-09-07
Dredd,dredd,16527,2012,,1,7,1,0,2025-09-04
The Beach Bum,the-beach-bum,374051,2019,,0,8,1,0,2025-09-02
Basic Instinct,basic-instinct,51688,1992,,0,9,1,1,2025-09-01
Caught Stealing,caught-stealing,1129199,2025,,0,8,1,1,2025-08-31
The Departed,the-departed,51042,2006,,1,10,1,1,2025-08-29
To Live and Die in L.A.,to-live-and-die-in-la,46769,1985,,0,10,1,1,2025-08-26
The Thin Blue Line,the-thin-blue-line,43200,1988,,0,8,1,0,2025-08-24
Cocktail,cocktail,47992,1988,,0,,1,0,2025-08-22
Highest 2 Lowest,highest-2-lowest,1125031,2025,,0,5,0,0,2025-08-22
Tenet,tenet,506032,2020,,1,10,1,1,2025-08-20
War of the Worlds,war-of-the-worlds-2025,676545,2025,,0,1,0,1,2025-08-19
Weapons,weapons-2025,972109,2025,,0,4,0,1,2025-08-18
Casino,casino,51593,1995,,0,8,1,0,2025-08-17
The Naked Gun,the-naked-gun,933381,2025,,0,8,1,1,2025-08-12
Cloud,cloud-2024,1127005,2024,,0,7,1,1,2025-08-11
The Man Who Wasn't There,the-man-who-wasnt-there-2001,45906,2001,,0,7,1,1,2025-08-06
Dragged Across Concrete,dragged-across-concrete,371464,2018,,0,7,0,1,2025-07-31
Memento,memento,51973,2000,,1,9,1,1,2025-07-29
Inside Llewyn Davis,inside-llewyn-davis,73367,2013,,0,9,1,1,2025-07-24
Eddington,eddington,574595,2025,,0,8,1,1,2025-07-22
John Wick: Chapter 4,john-wick-chapter-4,530882,2023,,1,9,1,1,2025-07-22
Klute,klute,51636,1971,,0,7,1,1,2025-07-15
Cutter's Way,cutters-way,31043,1981,,0,10,1,1,2025-07-15
Idiocracy,idiocracy,48000,2006,,1,5,0,0,2025-07-12
Mayhem!,mayhem-2023,863202,2023,,0,3,0,1,2025-07-08
Office Space,office-space,50991,1999,,0,7,1,1,2025-07-07
High and Low,high-and-low,44542,1963,,0,8,1,1,2025-07-04
Tinker Tailor Soldier Spy,tinker-tailor-soldier-spy,16095,2011,,0,10,1,1,2025-07-01
Ballerina,ballerina-2025,470671,2025,,0,8,1,1,2025-06-20
Mare of Easttown,mare-of-easttown,715859,2021,,0,8,1,0,2025-06-20
The Nice Guys,the-nice-guys,216301,2016,,1,10,1,1,2025-06-15
How to Train Your Dragon,how-to-train-your-dragon-2025,980116,2025,,0,5,0,1,2025-06-15
The Phoenician Scheme,the-phoenician-scheme,1025047,2025,,0,8,1,0,2025-06-07
Final Destination,final-destination,47068,2000,,0,6,0,1,2025-06-05
Mountainhead,mountainhead,1297861,2025,,0,,1,0,2025-06-01
The Town,the-town,37503,2010,,0,8,1,1,2025-05-31
The Social Network,the-social-network,26711,2010,,1,9,1,1,2025-05-30
Miami Blues,miami-blues,42701,1990,,0,8,1,1,2025-05-28
Mission: Impossible – The Final Reckoning,mission-impossible-the-final-reckoning,503403,2025,,0,7,1,1,2025-05-25
Mission: Impossible – Dead Reckoning,mission-impossible-dead-reckoning,503402,2023,,0,8,1,1,2025-05-23
Mission: Impossible,mission-impossible,51206,1996,,0,8,1,1,2025-05-22
Chinatown,chinatown,51323,1974,,1,10,1,1,2025-05-21
Sinners,sinners-2025,1116600,2025,,1,9,1,1,2025-05-20
The Gamechangers,the-gamechangers,287886,2015,,0,3,0,1,2025-05-18
The Thin Red Line,the-thin-red-line,47627,1998,,0,9,1,1,2025-05-14
Tenet,tenet,506032,2020,,1,10,1,1,2025-05-13
Once Upon a Time in the West,once-upon-a-time-in-the-west,51727,1968,,0,10,1,1,2025-05-11
In Bruges,in-bruges,47809,2008,,1,10,1,1,2025-05-10
Hereditary,hereditary,424348,2018,,0,7,0,0,2025-05-10
The Batman,the-batman,348914,2022,,1,10,1,1,2025-05-08
Crank,crank,50660,2006,,0,7,1,1,2025-05-06
Phone Booth,phone-booth,50776,2002,,0,7,1,1,2025-05-05
Evil Dead II,evil-dead-ii,51387,1987,,0,7,1,0,2025-05-04
A Minecraft Movie,a-minecraft-movie,854691,2025,,0,,0,1,2025-05-01
Unforgiven,unforgiven,2685,1992,,1,10,1,1,2025-04-28
Old,old-2021,558054,2021,,0,7,1,0,2025-04-27
Havoc,havoc-2025,593280,2025,,0,2,0,1,2025-04-26
The Accountant²,the-accountant-2025,782006,2025,,0,5,0,1,2025-04-25
Heretic,heretic-2024,1025331,2024,,0,6,0,1,2025-04-24
Top Gun,top-gun,51408,1986,,0,,1,0,2025-04-22
Tenet,tenet,506032,2020,,1,10,1,1,2025-04-21
We Own the Night,we-own-the-night,50611,2007,,0,8,1,0,2025-04-20
The Departed,the-departed,51042,2006,,1,10,1,1,2025-04-18
Friendship,friendship-2024,1122691,2024,,0,8,1,1,2025-04-18
Sinners,sinners-2025,1116600,2025,,0,8,1,1,2025-04-18
Attrition,attrition,478945,2018,,0,,1,1,2025-04-16
Uncut Gems,uncut-gems,404266,2019,,1,8,1,1,2025-04-16
Warfare,warfare,1124701,2025,,0,7,1,1,2025-04-13
The Departed,the-departed,51042,2006,,1,10,1,1,2025-04-08
TRON: Legacy,tron-legacy,38957,2010,,0,6,0,1,2025-04-08
Trap,trap-2024,931164,2024,,1,8,1,0,2025-04-07
Aftersun,aftersun,868558,2022,,0,8,1,1,2025-03-31
The Bling Ring,the-bling-ring,79893,2013,,0,8,1,1,2025-03-28
Under the Silver Lake,under-the-silver-lake,330810,2018,,0,7,0,1,2025-03-26
The Raid 2,the-raid-2,130913,2014,,1,7,1,1,2025-03-25
Mikey and Nicky,mikey-and-nicky,7211,1976,,0,8,1,1,2025-03-24
One Battle After Another,one-battle-after-another,951277,2025,,0,,1,1,2025-03-24
The Raid,the-raid-2011,78266,2011,,1,9,1,1,2025-03-22
The Girl with the Dragon Tattoo,the-girl-with-the-dragon-tattoo-2011,1086,2011,,1,9,1,1,2025-03-21
Spring Breakers,spring-breakers,96109,2012,,1,8,1,0,2025-03-19
Daredevil,daredevil,47118,2003,,0,2,0,1,2025-03-18
Carlito's Way,carlitos-way,48473,1993,,0,7,1,0,2025-03-15
Eephus,eephus,1110060,2024,,0,8,1,1,2025-03-14
Black Bag,black-bag-2025,1116755,2025,,0,8,1,1,2025-03-13
Imperium,imperium,310131,2016,,0,5,0,0,2025-03-11
Bound,bound,47289,1996,,0,7,1,0,2025-03-10
JFK,jfk,51332,1991,,0,9,1,1,2025-03-09
Inherent Vice,inherent-vice,125830,2014,,1,9,1,0,2025-03-08
Mississippi Burning,mississippi-burning,50909,1988,,0,7,1,0,2025-03-06
The Apprentice,the-apprentice-2024,1068413,2024,,0,7,1,0,2025-03-04
Kill Switch,kill-switch,43078,2008,,0,,1,1,2025-02-28
Hell or High Water,hell-or-high-water,268192,2016,,1,8,1,1,2025-02-27
Licorice Pizza,licorice-pizza,641086,2021,,0,8,1,1,2025-02-26
Seven Psychopaths,seven-psychopaths,73358,2012,,0,6,0,1,2025-02-26
The Apartment,the-apartment,51774,1960,,0,9,1,1,2025-02-24
In the Heat of the Night,in-the-heat-of-the-night,46041,1967,,0,8,1,0,2025-02-23
Mercenary for Justice,mercenary-for-justice,43649,2006,,0,,1,1,2025-02-22
The Kid Detective,the-kid-detective,643649,2020,,0,8,1,1,2025-02-17
Driven to Kill,driven-to-kill,40321,2009,,0,,1,1,2025-02-16
Midnight Cowboy,midnight-cowboy,49856,1969,,0,8,1,1,2025-02-16
Inherent Vice,inherent-vice,125830,2014,,1,9,1,1,2025-02-15
Tenet,tenet,506032,2020,,1,10,1,1,2025-02-14
Mickey 17,mickey-17,620281,2025,,0,5,0,1,2025-02-13
A Knight's Tale,a-knights-tale,47122,2001,,0,7,0,0,2025-02-12
Collateral,collateral,50995,2004,,0,9,1,1,2025-02-12
Baby Assassins,baby-assassins,761585,2021,,0,7,1,1,2025-02-11
Mississippi Masala,mississippi-masala,23264,1991,,0,8,1,0,2025-02-10
True Romance,true-romance,51740,1993,,0,8,1,1,2025-02-09
Blackhat,blackhat,144108,2015,,0,7,1,0,2025-02-07
Miracle Mile,miracle-mile,36556,1988,,0,6,0,1,2025-02-05
Anora,anora,959540,2024,,0,8,1,1,2025-02-03
Hardcore,hardcore,22894,1979,,0,8,1,1,2025-02-02
Limitless,limitless,13972,2011,,0,7,1,1,2025-02-01
Green Room,green-room,241052,2015,,1,8,1,1,2025-01-31
The Verdict,the-verdict-1982,36927,1982,,0,10,1,1,2025-01-30
Goon,goon,61928,2011,,0,6,1,1,2025-01-30
The Social Network,the-social-network,26711,2010,,1,8,1,1,2025-01-29
Conclave,conclave,877253,2024,,0,7,1,1,2025-01-27
The Dark Knight Rises,the-dark-knight-rises,16550,2012,,0,7,1,1,2025-01-27
Five Easy Pieces,five-easy-pieces,35182,1970,,0,9,1,1,2025-01-25
Point Break,point-break,51157,1991,,0,8,1,1,2025-01-24
A Different Man,a-different-man,891291,2024,,0,9,1,1,2025-01-23
Lost Highway,lost-highway,51486,1997,,0,6,0,1,2025-01-20
Spring Breakers,spring-breakers,96109,2012,,0,7,1,1,2025-01-20
A Real Pain,a-real-pain,913258,2024,,0,7,0,1,2025-01-19
Batman Begins,batman-begins,51784,2005,,0,6,1,1,2025-01-18
Thief,thief,45224,1981,,0,7,1,0,2025-01-18
Den of Thieves 2: Pantera,den-of-thieves-2-pantera,531894,2025,,0,8,1,1,2025-01-17
The Accountant,the-accountant-2016,229981,2016,,0,6,1,1,2025-01-17
Companion,companion-2025,977172,2025,,0,4,0,1,2025-01-15
The Brutalist,the-brutalist,478428,2024,,0,9,1,1,2025-01-14
Den of Thieves,den-of-thieves,381754,2018,,0,7,1,1,2025-01-11
Beau Is Afraid,beau-is-afraid,715856,2023,,0,8,1,1,2025-01-09
Unhinged,unhinged-2020,552121,2020,,0,4,0,1,2025-01-08
Se7en,se7en,51345,1995,,1,9,1,1,2025-01-07
Zodiac,zodiac,50659,2007,,1,9,1,1,2025-01-05
Nosferatu,nosferatu-2024,359505,2024,,0,7,0,1,2025-01-04
Lone Star,lone-star-1996,35081,1996,,0,8,1,0,2025-01-03
Creep,creep-2014,174928,2014,,1,8,1,1,2025-01-02
The Killer,the-killer-2023,717654,2023,,1,8,1,1,2025-01-02
Sicario,sicario-2015,197628,2015,,1,10,1,0,2025-01-02
End of Watch,end-of-watch,63462,2012,,1,8,1,0,2024-12-31
Tenet,tenet,506032,2020,,1,10,1,1,2024-12-31
First Reformed,first-reformed,390610,2017,,0,9,1,1,2024-12-29
A Complete Unknown,a-complete-unknown,586583,2024,,0,8,0,1,2024-12-26
Juror #2,juror-2,997722,2024,,0,8,1,0,2024-12-21
Carry-On,carry-on-2024,905876,2024,,0,6,0,1,2024-12-18
Matchstick Men,matchstick-men,48082,2003,,0,8,1,1,2024-12-18
GoodFellas,goodfellas,51383,1990,,1,9,1,0,2024-12-11
Miami Vice,miami-vice,51968,2006,,0,8,1,1,2024-12-06
No Country for Old Men,no-country-for-old-men,48140,2007,,1,9,1,1,2024-11-24
The Silence of the Lambs,the-silence-of-the-lambs,51782,1991,,1,10,1,0,2024-11-22
Tenet,tenet,506032,2020,,1,9,1,1,2024-11-15
Gone Girl,gone-girl,149857,2014,,1,10,1,0,2024-11-13
My Wife Is Retarded,my-wife-is-retarded,569992,2007,,0,,0,1,2024-11-13
The Penguin,the-penguin-2024,1247272,2024,,0,,1,1,2024-11-13
Tenet,tenet,506032,2020,,1,9,1,1,2024-11-10
Boogie Nights,boogie-nights,49007,1997,,1,9,1,1,2024-11-10
(500) Days of Summer,500-days-of-summer,39350,2009,,1,8,1,0,2024-11-08
Saw II,saw-ii,51841,2005,,0,5,0,1,2024-11-04
Castaway on the Moon,castaway-on-the-moon,40349,2009,,0,8,1,0,2024-11-04
Saw,saw,51875,2004,,0,7,0,1,2024-10-31
The Mongolian Conspiracy,the-mongolian-conspiracy,483149,2019,,0,2,0,0,2024-10-30
Memories of Murder,memories-of-murder,45312,2003,,0,9,1,1,2024-10-28
Grand Theft Hamlet,grand-theft-hamlet,1118050,2024,,0,7,0,1,2024-10-26
Brick,brick,47322,2005,,1,8,1,1,2024-10-25
The Order,the-order-2024,975393,2024,,0,7,0,1,2024-10-24
Pulse,pulse-2001,34618,2001,,0,8,1,1,2024-10-24
Paprika,paprika-2006,49023,2006,,0,9,1,0,2024-10-23
Double Indemnity,double-indemnity,51173,1944,,0,7,0,0,2024-10-23
Se7en,se7en,51345,1995,,1,9,1,0,2024-10-22
Gladiator,gladiator-2000,51952,2000,,0,8,1,0,2024-10-22
Suspiria,suspiria,44900,1977,,0,8,0,1,2024-10-21
No Other Land,no-other-land,1115874,2024,,0,8,1,0,2024-10-21
Smile 2,smile-2-2024,992360,2024,,0,6,0,1,2024-10-19
Rashomon,rashomon,51570,1950,,0,7,0,0,2024-10-14
Bronson,bronson,40276,2008,,0,7,0,1,2024-10-13
The Black Phone,the-black-phone,677571,2021,,0,6,1,0,2024-10-11
Red Rocket,red-rocket-2021,683620,2021,,0,8,1,1,2024-10-10
I See You,i-see-you-2019,453833,2019,,0,5,1,1,2024-10-09
Candyman,candyman,47071,1992,,0,6,0,1,2024-10-07
Upgrade,upgrade,430633,2018,,0,6,0,1,2024-10-05
Tim Dillon: This Is Your Country,tim-dillon-this-is-your-country,1248074,2024,,0,,1,0,2024-10-02
The Night Comes for Us,the-night-comes-for-us,382225,2018,,0,7,1,1,2024-09-30
Megalopolis,megalopolis-2024,520328,2024,,0,8,1,1,2024-09-29
The Substance,the-substance,838140,2024,,0,8,1,1,2024-09-28
Alien,alien,51714,1979,,0,8,1,0,2024-09-26
Dinner in America,dinner-in-america,579052,2020,,0,5,0,0,2024-09-25
Magnolia,magnolia,51728,1999,,0,9,1,1,2024-09-24
Women on the Verge of a Nervous Breakdown,women-on-the-verge-of-a-nervous-breakdown,49468,1988,,0,8,0,0,2024-09-23
The Thin Man,the-thin-man,49690,1934,,0,7,0,0,2024-09-23
Thin Watermelon,thin-watermelon,956578,2010,,0,6,1,1,2024-09-19
Night Nurse,night-nurse,14418,1931,,0,7,0,0,2024-09-16
Chinatown,chinatown,51323,1974,,1,10,1,1,2024-09-15
Insomnia,insomnia,35187,1997,,0,8,1,1,2024-09-13
Serpico,serpico,47403,1973,,0,8,0,0,2024-09-11
Pain & Gain,pain-gain,103559,2013,,0,7,1,1,2024-09-11
Chime,chime,1103563,2024,,0,7,1,1,2024-09-09
The Public Enemy,the-public-enemy,40833,1931,,0,6,0,1,2024-09-08
Rebel Ridge,rebel-ridge,571791,2024,,0,8,1,1,2024-09-07
VGHS: The Movie,vghs-the-movie,503023,2012,,1,10,1,1,2024-09-06
Once Upon a Time... in Hollywood,once-upon-a-time-in-hollywood,397859,2019,,1,10,1,0,2024-08-29
Thelma,thelma-2024,948851,2024,,0,8,0,0,2024-08-23
Trap,trap-2024,931164,2024,,0,7,0,0,2024-08-18
The Daytrippers,the-daytrippers,15818,1996,,0,8,1,0,2024-08-11
Waiting...,waiting,47985,2005,,0,3,0,1,2024-08-10
Shaft,shaft,51624,1971,,0,6,1,1,2024-08-04
Dìdi (弟弟),didi-2024,1045115,2024,,0,7,0,0,2024-08-03
Shot Caller,shot-caller,269189,2017,,0,7,0,1,2024-08-01
Beverly Hills Cop: Axel F,beverly-hills-cop-axel-f,205080,2024,,0,5,0,0,2024-08-01
Deadpool & Wolverine,deadpool-wolverine,462870,2024,,0,6,0,0,2024-07-27
Longlegs,longlegs,1110059,2024,,0,8,1,1,2024-07-14
Prescription: Murder,prescription-murder,438854,1968,,0,8,0,0,2024-07-12
Pig,pig-2021,561763,2021,,0,8,1,1,2024-07-09
MaXXXine,maxxxine,922858,2024,,0,4,0,1,2024-07-06
Sherlock Holmes,sherlock-holmes-2009,46144,2009,,0,7,0,0,2024-07-05
The Killing of a Sacred Deer,the-killing-of-a-sacred-deer,333310,2017,,0,7,0,1,2024-07-03
X,x-2022,680358,2022,,0,4,0,1,2024-07-02
Kinds of Kindness,kinds-of-kindness,928261,2024,,0,5,0,0,2024-06-29
The Bikeriders,the-bikeriders,908327,2023,,0,8,1,1,2024-06-23
Rear Window,rear-window,51552,1954,,0,8,0,0,2024-06-21
Don Jon,don-jon,106177,2013,,0,7,0,1,2024-06-19
Possibly in Michigan,possibly-in-michigan,261231,1983,,0,,0,0,2024-06-19
Bad Lieutenant,bad-lieutenant,44759,1992,,0,10,1,1,2024-06-18
Do the Right Thing,do-the-right-thing,51228,1989,,0,9,1,1,2024-06-17
Mean Streets,mean-streets,51850,1973,,0,7,0,1,2024-06-16
American History X,american-history-x,51977,1998,,0,7,0,0,2024-06-06
For a Few Dollars More,for-a-few-dollars-more,51215,1965,,0,8,1,1,2024-06-06
Nikita,nikita,47271,1990,,0,6,0,1,2024-06-05
A Fistful of Dollars,a-fistful-of-dollars,51698,1964,,0,8,1,1,2024-06-03
Baby Reindeer,baby-reindeer,1156611,2024,,0,8,0,0,2024-05-31
Vertigo,vertigo,51669,1958,,0,8,1,0,2024-05-31
Hit Man,hit-man-2023,877046,2023,,0,8,0,1,2024-05-29
The Last Stop in Yuma County,the-last-stop-in-yuma-county,944445,2023,,0,7,0,0,2024-05-27
"O Brother, Where Art Thou?",o-brother-where-art-thou,51917,2000,,0,8,0,0,2024-05-27
Adventureland,adventureland,41477,2009,,0,8,1,1,2024-05-26
Lord of War,lord-of-war,50769,2005,,0,6,0,1,2024-05-25
Furiosa: A Mad Max Saga,furiosa-a-mad-max-saga,705221,2024,,0,9,1,1,2024-05-23
A Scanner Darkly,a-scanner-darkly,49710,2006,,0,8,1,1,2024-05-23
Mad Max: Fury Road,mad-max-fury-road,62780,2015,,0,10,1,0,2024-05-22
Dawn of the Planet of the Apes,dawn-of-the-planet-of-the-apes,94394,2014,,1,8,0,0,2024-05-19
The Fall Guy,the-fall-guy-2024,667550,2024,,0,5,0,1,2024-05-13
Kingdom of the Planet of the Apes,kingdom-of-the-planet-of-the-apes,578774,2024,,0,7,0,1,2024-05-10
Challengers,challengers,842301,2024,,0,7,0,0,2024-05-07
Civil War,civil-war-2024,834656,2024,,0,8,0,0,2024-05-07
Manhunter,manhunter,45288,1986,,0,7,0,0,2024-05-07
Wild Things,wild-things,51506,1998,,0,8,1,1,2024-05-03
Miller's Girl,millers-girl,925306,2024,,0,1,0,1,2024-05-02
Inside Out 2,inside-out-2-2024,921578,2024,,0,,0,1,2024-04-30
Killer Joe,killer-joe,59767,2011,,0,8,0,1,2024-04-30
The Maltese Falcon,the-maltese-falcon-1941,51200,1941,,0,6,0,0,2024-04-29
Chinatown,chinatown,51323,1974,,1,10,1,0,2024-04-28
Ghost Dog: The Way of the Samurai,ghost-dog-the-way-of-the-samurai,49124,1999,,0,8,1,0,2024-04-27
28 Days Later,28-days-later,51881,2002,,0,7,0,0,2024-04-26
Possessor,possessor,368540,2020,,0,8,1,1,2024-04-24
Late Night with the Devil,late-night-with-the-devil,843415,2023,,0,9,1,1,2024-04-21
Love Lies Bleeding,love-lies-bleeding-2024,853011,2024,,0,8,1,1,2024-04-20
Moonlight,moonlight-2016,312205,2016,,0,9,0,0,2024-04-19
We Grown Now,we-grown-now,1048872,2023,,0,5,0,1,2024-04-18
A Serious Man,a-serious-man,44466,2009,,0,6,0,0,2024-04-17
Swingers,swingers,46433,1996,,0,8,1,1,2024-04-15
I Saw the TV Glow,i-saw-the-tv-glow,772230,2024,,0,7,0,0,2024-04-14
The Young Girls of Rochefort,the-young-girls-of-rochefort,50258,1967,,0,6,0,0,2024-04-11
The Ides of March,the-ides-of-march,46343,2011,,0,7,0,1,2024-04-07
Thirteen,thirteen,45680,2003,,0,8,1,1,2024-04-07
The Truth vs. Alex Jones,the-truth-vs-alex-jones,1125002,2024,,0,,0,0,2024-04-06
Monkey Man,monkey-man,488751,2024,,0,8,1,1,2024-04-04
American Fiction,american-fiction,952812,2023,,0,7,0,0,2024-04-03
Infinity Pool,infinity-pool,591931,2023,,0,6,0,1,2024-04-02
The Prestige,the-prestige,51147,2006,,0,9,1,1,2024-04-01
Batman: Gotham by Gaslight,batman-gotham-by-gaslight,402896,2018,,0,7,0,1,2024-03-31
The Batman,the-batman,348914,2022,,1,10,1,1,2024-03-30
The Rover,the-rover,117868,2014,,0,7,0,0,2024-03-29
The Zone of Interest,the-zone-of-interest,398800,2023,,0,8,0,0,2024-03-28
Road House,road-house-2024,291213,2024,,0,4,0,1,2024-03-28
Batman: Under the Red Hood,batman-under-the-red-hood,24308,2010,,0,8,0,0,2024-03-27
Kiss Kiss Bang Bang,kiss-kiss-bang-bang-2005,48894,2005,,0,7,0,0,2024-03-26
Blood Simple,blood-simple,45366,1984,,0,7,0,0,2024-03-24
Blue Ruin,blue-ruin,135747,2013,,0,8,0,1,2024-03-23
Burn After Reading,burn-after-reading,49054,2008,,0,8,1,0,2024-03-19
Dream Scenario,dream-scenario,739691,2023,,0,6,0,0,2024-03-19
But I'm a Cheerleader,but-im-a-cheerleader,38800,1999,,0,7,0,0,2024-03-18
High Fidelity,high-fidelity,51813,2000,,0,7,0,0,2024-03-15
The Lobster,the-lobster,178123,2015,,0,8,0,1,2024-03-13
I Am Not Your Negro,i-am-not-your-negro,345176,2016,,0,8,0,0,2024-03-12
Poor Things,poor-things-2023,710352,2023,,0,6,0,1,2024-03-11
Ricky Stanicky,ricky-stanicky,921527,2024,,0,6,0,1,2024-03-10
Exit Through the Gift Shop,exit-through-the-gift-shop,25234,2010,,1,8,0,0,2024-03-09
Cure,cure,28195,1997,,0,9,1,1,2024-03-08
Hideo Kojima: Connecting Worlds,hideo-kojima-connecting-worlds,1014851,2023,,0,,0,1,2024-03-04
Witness,witness,47311,1985,,0,8,0,0,2024-03-04
The Assassination of Jesse James by the Coward Robert Ford,the-assassination-of-jesse-james-by-the-coward-robert-ford,49288,2007,,0,10,0,1,2024-03-03
Heat,heat-1995,51994,1995,,0,8,0,1,2024-03-03
Somewhere,somewhere,25454,2010,,0,8,1,1,2024-03-01
Devil in a Blue Dress,devil-in-a-blue-dress,47694,1995,,0,9,1,1,2024-02-29
Dead Man's Shoes,dead-mans-shoes,44247,2004,,0,9,1,0,2024-02-24
Dune: Part Two,dune-part-two,617443,2024,,0,9,1,1,2024-02-21
Taken,taken,47648,2008,,0,7,0,0,2024-02-16
Ted 2,ted-2,152464,2015,,0,6,0,1,2024-02-15
After We Collided,after-we-collided,540626,2020,,0,2,0,1,2024-02-12
Drive-Away Dolls,drive-away-dolls,861250,2024,,0,5,0,0,2024-02-08
The Passenger,the-passenger-2023,861437,2023,,0,6,0,0,2024-02-07
Dallas Buyers Club,dallas-buyers-club,114605,2013,,0,8,0,0,2024-02-06
Targets,targets,39664,1968,,0,9,1,0,2024-02-05
Jackie Brown,jackie-brown,51868,1997,,1,8,0,0,2024-02-01
"Three Billboards Outside Ebbing, Missouri",three-billboards-outside-ebbing-missouri,291610,2017,,0,8,0,0,2024-01-27
Dazed and Confused,dazed-and-confused,47029,1993,,0,8,0,0,2024-01-25
The Sisters Brothers,the-sisters-brothers,372740,2018,,0,8,1,0,2024-01-21
Sicario: Day of the Soldado,sicario-day-of-the-soldado,335294,2018,,0,6,0,1,2024-01-16
Origin,origin-2023-1,674135,2023,,0,7,0,1,2024-01-15
The Curse,the-curse-2023,1071313,2023,,0,9,0,1,2024-01-13
Inherent Vice,inherent-vice,125830,2014,,0,9,1,1,2024-01-13
Society of the Snow,society-of-the-snow,813840,2023,,0,8,0,0,2024-01-12
The Holdovers,the-holdovers,755564,2023,,0,9,1,0,2024-01-11
Natural Born Killers,natural-born-killers,51815,1994,,0,9,1,1,2024-01-06
The Nice Guys,the-nice-guys,216301,2016,,1,9,1,0,2024-01-05
Percy Jackson & the Olympians: The Lightning Thief,percy-jackson-the-olympians-the-lightning-thief,30264,2010,,0,6,0,0,2024-01-04
Black Swan,black-swan,20956,2010,,0,9,1,0,2024-01-03
Theater Camp,theater-camp-2023,887650,2023,,0,7,0,0,2023-12-27
Anatomy of a Fall,anatomy-of-a-fall,822093,2023,,0,8,1,0,2023-12-26
Last Flag Flying,last-flag-flying,353491,2017,,0,7,0,0,2023-12-24
The Iron Claw,the-iron-claw-2023,764890,2023,,0,9,1,0,2023-12-23
TÁR,tar-2022,734096,2022,,0,8,0,0,2023-12-22
Slow West,slow-west,157807,2015,,0,8,0,0,2023-12-18
Saltburn,saltburn,835774,2023,,0,5,0,1,2023-12-17
The Boy and the Heron,the-boy-and-the-heron,438692,2023,,0,7,0,0,2023-12-16
Leave the World Behind,leave-the-world-behind-2023,648869,2023,,0,5,0,0,2023-12-15
Short Term 12,short-term-12-2013,124970,2013,,0,8,0,0,2023-12-14
Project X,project-x-2012,8933,2012,,0,7,0,0,2023-12-10
Killers of the Flower Moon,killers-of-the-flower-moon,398009,2023,,0,10,1,1,2023-11-25
Game Night,game-night,378048,2018,,0,7,0,1,2023-11-25
Napoleon,napoleon-2023,674137,2023,,0,5,0,0,2023-11-21
Scott Pilgrim vs. the World,scott-pilgrim-vs-the-world,37833,2010,,1,10,1,1,2023-11-21
Brokeback Mountain,brokeback-mountain,51909,2005,,0,8,1,1,2023-11-19
Scott Pilgrim Takes Off,scott-pilgrim-takes-off-2023,1090923,2023,,0,10,1,1,2023-11-18
The Virgin Suicides,the-virgin-suicides,51024,1999,,0,10,1,0,2023-11-17
A Charlie Brown Thanksgiving,a-charlie-brown-thanksgiving,43857,1973,,0,7,0,0,2023-11-14
The Killer,the-killer-2023,717654,2023,,0,8,0,1,2023-11-10
Lost in Translation,lost-in-translation,51898,2003,,0,8,1,0,2023-11-08
The Girl with the Dragon Tattoo,the-girl-with-the-dragon-tattoo-2011,1086,2011,,0,9,0,0,2023-10-31
Five Nights at Freddy's,five-nights-at-freddys,436948,2023,,0,2,0,1,2023-10-28
Jennifer's Body,jennifers-body,39305,2009,,0,7,0,1,2023-10-26
Spotlight,spotlight,241430,2015,,0,9,0,0,2023-10-26
No Hard Feelings,no-hard-feelings-2023,795897,2023,,0,6,0,1,2023-10-24
"Girl, Interrupted",girl-interrupted,49671,1999,,0,8,0,1,2023-10-21
Song to Song,song-to-song,258736,2017,,0,5,0,1,2023-10-18
McCabe & Mrs. Miller,mccabe-mrs-miller,33211,1971,,0,9,1,1,2023-10-15
Sin City: A Dame to Kill For,sin-city-a-dame-to-kill-for,51863,2014,,0,6,0,0,2023-10-14
BlacKkKlansman,blackkklansman,418135,2018,,0,8,0,0,2023-10-12
Chinatown,chinatown,51323,1974,,0,10,1,0,2023-10-10
Gen V - Prime Premiere,gen-v-prime-premiere,1068215,2023,,0,7,0,1,2023-10-09
Dumb Money,dumb-money,710073,2023,,0,7,0,1,2023-10-07
Superbad,superbad,47776,2007,,0,9,1,1,2023-10-05
The Boondock Saints,the-boondock-saints,47768,1999,,1,10,1,1,2023-10-03
Adventure Time: Fionna & Cake,adventure-time-fionna-cake-2023,1071286,2023,,0,6,0,0,2023-10-02
The Silence of the Lambs,the-silence-of-the-lambs,51782,1991,,0,8,1,0,2023-10-02
Talk to Me,talk-to-me-2022,908144,2022,,0,7,0,1,2023-09-30
The Rocker,the-rocker,46465,2008,,0,5,0,1,2023-09-24
The Hunger Games,the-hunger-games,59281,2012,,0,6,0,1,2023-09-24
Blue Velvet,blue-velvet,51359,1986,,0,7,0,0,2023-09-17
Eraserhead,eraserhead,51184,1977,,0,2,0,1,2023-09-17
The Banshees of Inisherin,the-banshees-of-inisherin,598882,2022,,0,9,1,1,2023-09-15
Zodiac,zodiac,50659,2007,,0,8,0,0,2023-09-14
Shane Gillis: Beautiful Dogs,shane-gillis-beautiful-dogs,1056116,2023,,0,9,0,0,2023-09-14
Juno,juno,48051,2007,,1,9,0,0,2023-09-11
Dredd,dredd,16527,2012,,0,8,0,0,2023-09-10
A Bronx Tale,a-bronx-tale,50932,1993,,0,7,0,0,2023-09-05
Arrival,arrival-2016,257426,2016,,0,8,0,0,2023-09-02
Funny People,funny-people,38772,2009,,0,6,0,1,2023-08-31
The Adults,the-adults,971388,2023,,0,8,0,0,2023-08-14
The Ballad of Buster Scruggs,the-ballad-of-buster-scruggs,467061,2018,,0,7,0,0,2023-08-12
3:10 to Yuma,310-to-yuma-2007,48918,2007,,0,7,0,0,2023-08-10
Teenage Mutant Ninja Turtles: Mutant Mayhem,teenage-mutant-ninja-turtles-mutant-mayhem,542005,2023,,0,6,0,0,2023-08-09
"Lock, Stock and Two Smoking Barrels",lock-stock-and-two-smoking-barrels,51950,1998,,0,8,0,0,2023-08-04
Pulp Fiction,pulp-fiction,51444,1994,,0,9,1,0,2023-08-03
The Mule,the-mule-2018,434068,2018,,0,7,0,0,2023-08-01
Sin City,sin-city,51865,2005,,0,8,0,0,2023-08-01
The Watcher,the-watcher-2022,933442,2022,,0,4,0,0,2023-07-31
Death Proof,death-proof,50621,2007,,0,8,0,0,2023-07-30
The Nice Guys,the-nice-guys,216301,2016,,0,9,1,0,2023-07-29
They Cloned Tyrone,they-cloned-tyrone,658906,2023,,0,6,0,0,2023-07-24
Oppenheimer,oppenheimer-2023,784328,2023,,0,10,0,0,2023-07-21
Barbie,barbie,277064,2023,,0,7,0,0,2023-07-21
Bird Box Barcelona,bird-box-barcelona,722510,2023,,0,5,0,0,2023-07-16
Vivarium,vivarium,390139,2019,,0,5,0,0,2023-07-16
Impractical Jokers: The Movie,impractical-jokers-the-movie,495403,2020,,0,6,0,0,2023-07-15
"Crazy, Stupid, Love.",crazy-stupid-love,15051,2011,,0,7,0,0,2023-07-14
Sicario,sicario-2015,197628,2015,,0,9,1,0,2023-07-12
Nocturnal Animals,nocturnal-animals,270106,2016,,0,8,0,0,2023-07-11
Lady Bird,lady-bird,326279,2017,,0,7,0,0,2023-07-07
Hell or High Water,hell-or-high-water,268192,2016,,0,7,0,0,2023-07-06
Gone Girl,gone-girl,149857,2014,,0,9,0,0,2023-06-29
Gone Baby Gone,gone-baby-gone,49148,2007,,0,8,0,0,2023-06-28
Luther: The Fallen Sun,luther-the-fallen-sun,644819,2023,,0,5,0,0,2023-06-26
Me and Earl and the Dying Girl,me-and-earl-and-the-dying-girl,235480,2015,,0,8,0,0,2023-06-24
L.A. Confidential,la-confidential,50509,1997,,0,8,1,0,2023-06-23
White Men Can't Jump,white-men-cant-jump,46491,1992,,0,7,0,0,2023-06-20
Asteroid City,asteroid-city,668555,2023,,0,7,0,0,2023-06-18
Reality,reality-2023,887491,2023,,0,8,0,0,2023-06-14
Vengeance,vengeance-2022,607401,2022,,0,6,0,0,2023-06-13
The Fabelmans,the-fabelmans,721288,2022,,0,9,1,0,2023-06-08
Little Miss Sunshine,little-miss-sunshine,51379,2006,,0,10,1,0,2023-06-07
Guy Ritchie's The Covenant,guy-ritchies-the-covenant,793865,2023,,0,6,0,0,2023-06-06
Spider-Man: Across the Spider-Verse,spider-man-across-the-spider-verse,497631,2023,,0,8,0,0,2023-06-04
Missing,missing-2023,688088,2023,,0,5,0,1,2023-05-30
Sisu,sisu-2022,755504,2022,,0,7,0,0,2023-05-28
The Green Knight,the-green-knight,488399,2021,,0,7,0,0,2023-05-28
Juno,juno,48051,2007,,0,8,0,0,2023-05-27
BlackBerry,blackberry-2023,915230,2023,,0,9,0,0,2023-05-21
Air,air-2023,868491,2023,,0,8,0,0,2023-05-16
Easy A,easy-a,26770,2010,,0,6,0,0,2023-05-13
The Raid 2,the-raid-2,130913,2014,,0,8,0,0,2023-05-06
Horrible Bosses,horrible-bosses,14285,2011,,0,7,0,0,2023-04-30
John Mulaney: Baby J,john-mulaney-baby-j,985444,2023,,0,8,0,0,2023-04-30
The Comedy,the-comedy,70654,2012,,0,5,0,0,2023-04-26
Bone Tomahawk,bone-tomahawk,222298,2015,,0,5,0,0,2023-04-25
BEEF,beef-2023,996925,2023,,0,9,0,0,2023-04-19
Moneyball,moneyball,6286,2011,,0,7,0,0,2023-04-14
Green Room,green-room,241052,2015,,0,8,1,0,2023-04-09
Napoleon Dynamite,napoleon-dynamite,47867,2004,,0,8,0,0,2023-04-08
The Long Dumb Road,the-long-dumb-road,388999,2018,,0,7,0,0,2023-04-07
Platoon,platoon,51360,1986,,0,7,0,0,2023-04-03
In Bruges,in-bruges,47809,2008,,0,10,1,0,2023-04-01
We're All Going to the World's Fair,were-all-going-to-the-worlds-fair,695522,2021,,0,7,1,0,2023-03-27
John Wick: Chapter 4,john-wick-chapter-4,530882,2023,,0,9,1,0,2023-03-26
Creed,creed,239260,2015,,0,7,0,0,2023-03-20
The Unbearable Weight of Massive Talent,the-unbearable-weight-of-massive-talent,574385,2022,,0,7,0,0,2023-03-14
The Hangover Part III,the-hangover-part-iii,87953,2013,,0,6,0,0,2023-03-07
All Quiet on the Western Front,all-quiet-on-the-western-front-2022,16530,2022,,0,8,0,0,2023-03-04
Half Nelson,half-nelson,47971,2006,,0,10,1,0,2023-03-01
Triangle of Sadness,triangle-of-sadness,427970,2022,,0,7,0,0,2023-02-23
The Inbetweeners Movie,the-inbetweeners-movie,59613,2011,,0,6,0,0,2023-02-21
Southpaw,southpaw-2015,234208,2015,,0,7,0,0,2023-02-16
Emily the Criminal,emily-the-criminal,777185,2022,,0,6,0,0,2023-02-13
Mysterious Skin,mysterious-skin,45537,2004,,0,9,1,1,2023-02-06
Fury,fury-2014,160497,2014,,0,8,0,0,2023-01-30
You People,you-people-2023,780321,2023,,0,4,0,1,2023-01-29
Annihilation,annihilation,227784,2018,,0,8,0,0,2023-01-29
Pearl,pearl-2022,853822,2022,,0,6,0,0,2023-01-15
The Road,the-road,38804,2009,,0,7,0,0,2023-01-15
The Menu,the-menu-2022,521323,2022,,0,7,0,0,2023-01-13
Glass Onion,glass-onion,586723,2022,,0,5,0,0,2023-01-12
Jarhead,jarhead,2693,2005,,0,8,1,0,2023-01-08
The Square,the-square-2017,335959,2017,,0,6,0,0,2023-01-02
Knives Out,knives-out-2019,475370,2019,,0,8,0,0,2022-12-31
Babylon,babylon-2022,542773,2022,,0,7,0,0,2022-12-24
mother!,mother-2017,316311,2017,,0,5,0,0,2022-12-22
War Machine,war-machine-2017,284883,2017,,0,5,0,0,2022-12-13
There Will Be Blood,there-will-be-blood,48044,2007,,0,8,0,0,2022-12-05
Bullet Train,bullet-train,641961,2022,,0,6,0,0,2022-11-16
Nope,nope,682547,2022,,0,9,1,0,2022-11-07
Falling Down,falling-down,27322,1993,,0,7,0,0,2022-10-28
Misery,misery,50846,1990,,0,8,1,0,2022-10-24
The Gentlemen,the-gentlemen,452289,2019,,0,7,0,0,2022-10-20
Behind the Mask: The Rise of Leslie Vernon,behind-the-mask-the-rise-of-leslie-vernon,45733,2006,,0,7,0,0,2022-10-18
Unforgiven,unforgiven,2685,1992,,0,8,1,0,2022-10-15
The Boondock Saints,the-boondock-saints,47768,1999,,0,10,1,0,2022-09-21
Logan,logan-2017,186549,2017,,0,9,1,0,2022-09-20
The Raid,the-raid-2011,78266,2011,,0,8,0,0,2022-09-12
Moonrise Kingdom,moonrise-kingdom,70105,2012,,0,8,1,0,2022-09-07
Ex Machina,ex-machina-2015,187986,2015,,0,10,1,0,2022-08-29
Troy,troy,51472,2004,,0,6,0,0,2022-08-27
Eternal Sunshine of the Spotless Mind,eternal-sunshine-of-the-spotless-mind,2683,2004,,0,8,0,0,2022-08-25
End of Watch,end-of-watch,63462,2012,,0,8,1,0,2022-08-24
Mandy,mandy-2018,392654,2018,,0,7,0,0,2022-08-20
Argo,argo,52501,2012,,0,8,0,0,2022-08-15
This Is the End,this-is-the-end,87873,2013,,0,7,0,0,2022-08-15
Uncharted,uncharted-2022,264328,2022,,0,3,0,0,2022-08-15
The Gray Man,the-gray-man-2022,647760,2022,,0,2,0,0,2022-07-27
Everything Everywhere All at Once,everything-everywhere-all-at-once,474474,2022,,0,9,0,0,2022-07-26
Mission: Impossible – Fallout,mission-impossible-fallout,283273,2018,,0,6,0,0,2022-07-17
Top Gun: Maverick,top-gun-maverick,293465,2022,,0,7,0,0,2022-07-10
On the Count of Three,on-the-count-of-three,695477,2021,,0,8,1,0,2022-07-07
Blue Valentine,blue-valentine,18660,2010,,0,8,0,0,2022-07-06
Spiderhead,spiderhead,542567,2022,,0,4,0,0,2022-06-23
The Perks of Being a Wallflower,the-perks-of-being-a-wallflower,71338,2012,,0,9,1,0,2022-06-18
The Big Short,the-big-short,246013,2015,,0,7,0,0,2022-06-13
Children of Men,children-of-men,46911,2006,,0,9,1,0,2022-06-12
The Art of Self-Defense,the-art-of-self-defense-2019,410958,2019,,0,8,1,0,2022-06-10
Spree,spree-2020,579023,2020,,0,6,0,0,2022-06-10
The Northman,the-northman,565852,2022,,0,8,0,0,2022-06-06
The Machinist,the-machinist,49254,2004,,0,7,0,0,2022-03-14
The Devil All the Time,the-devil-all-the-time,429945,2020,,0,6,0,0,2022-03-12
The Batman,the-batman,348914,2022,,0,10,1,0,2022-03-12
