name,slug,id,release,runtime,rewatched,rating,liked,reviewed,date
Phantom of the Paradise,phantom-of-the-paradise,34615,1974,,0,10,1,0,2025-10-14
Spring Breakers,spring-breakers,96109,2012,,0,10,1,0,2025-10-12
After the Hunt,after-the-hunt-2025,1149140,2025,,0,3,0,1,2025-09-29
Dante's Peak,dantes-peak,46982,1997,,0,4,0,0,2025-09-23
"sex, lies, and videotape",sex-lies-and-videotape,51052,1989,,1,9,1,0,2025-09-16
The Doom Generation,the-doom-generation,43792,1995,,1,10,1,1,2025-08-18
Weapons,weapons-2025,972109,2025,,0,9,1,1,2025-08-10
Nymphomaniac: Vol. II,nymphomaniac-volume-ii,174195,2013,,0,2,0,1,2025-08-09
Nymphomaniac: Vol. I,nymphomaniac-volume-i,181937,2013,,0,4,0,0,2025-08-08
Tampopo,tampopo,44970,1985,,0,10,1,0,2025-08-04
Millennium Mambo,millennium-mambo,45195,2001,,0,7,1,1,2025-08-04
The Fantastic Four: First Steps,the-fantastic-four-first-steps,543967,2025,,0,7,0,0,2025-07-25
Superman,superman-2025,957050,2025,,0,9,1,0,2025-07-16
Crash,crash,51268,1996,,0,10,1,1,2025-07-05
"To Wong Foo, Thanks for Everything! Julie Newmar",to-wong-foo-thanks-for-everything-julie-newmar,47354,1995,,0,10,1,0,2025-06-28
The Piano Teacher,the-piano-teacher,50791,2001,,0,9,1,1,2025-06-25
Fantastic Mr. Fox,fantastic-mr-fox,46344,2009,,0,8,1,0,2025-06-20
Memories of Murder,memories-of-murder,45312,2003,,0,7,0,0,2025-06-17
Brokeback Mountain,brokeback-mountain,51909,2005,,0,8,1,1,2025-05-28
The Girl Who Leapt Through Time,the-girl-who-leapt-through-time-1983,4388,1983,,0,6,0,0,2025-05-14
Love & Pop,love-pop,58621,1998,,0,10,1,1,2025-05-09
Mishima: A Life in Four Chapters,mishima-a-life-in-four-chapters,34829,1985,,0,9,1,0,2025-05-07
Death in Venice,death-in-venice,48232,1971,,0,8,1,1,2025-05-04
Sinners,sinners-2025,1116600,2025,,0,7,0,0,2025-05-01
Tenet,tenet,506032,2020,,0,,0,1,2025-04-21
Uncut Gems,uncut-gems,404266,2019,,0,9,1,1,2025-04-16
A Minecraft Movie,a-minecraft-movie,854691,2025,,0,10,0,1,2025-04-11
Trap,trap-2024,931164,2024,,1,5,1,1,2025-04-07
The Stuff,the-stuff,40301,1985,,0,6,1,0,2025-04-07
Y Tu Mamá También,y-tu-mama-tambien,51068,2001,,0,9,1,0,2025-04-04
Kite,kite,40032,1998,,0,3,0,1,2025-04-02
The Substance,the-substance,838140,2024,,1,9,1,1,2025-03-31
Real Women Have Curves,real-women-have-curves,32139,2002,,0,8,1,0,2025-03-25
Mikey and Nicky,mikey-and-nicky,7211,1976,,0,8,1,1,2025-03-24
"sex, lies, and videotape",sex-lies-and-videotape,51052,1989,,0,9,1,0,2025-03-23
Falling Down,falling-down,27322,1993,,0,8,1,0,2025-03-13
Cutie Honey,cutie-honey,38708,2004,,0,10,1,1,2025-03-09
On the Silver Globe,on-the-silver-globe,34824,1988,,0,6,0,1,2025-03-08
The Lovers on the Bridge,the-lovers-on-the-bridge,50104,1991,,0,9,1,1,2025-03-04
Red Eye,red-eye,45282,2005,,0,7,1,1,2025-02-28
Blue Collar,blue-collar,42776,1978,,0,7,0,0,2025-02-27
The Apartment,the-apartment,51774,1960,,0,10,1,1,2025-02-24
Labyrinth,labyrinth,43751,1986,,0,10,1,1,2025-02-21
Mountain Patrol,mountain-patrol,41855,2004,,0,6,0,0,2025-02-20
Lost in Translation,lost-in-translation,51898,2003,,0,6,0,1,2025-02-18
The Menu,the-menu-2022,521323,2022,,0,6,0,0,2025-02-17
Totally F***ed Up,totally-fed-up,29698,1993,,0,7,1,1,2025-02-16
Party Girl,party-girl-1995,28106,1995,,0,8,1,1,2025-02-14
Mickey 17,mickey-17,620281,2025,,0,8,1,1,2025-02-13
Angels Wear White,angels-wear-white,399660,2017,,0,7,0,0,2025-02-10
Tetsuo: The Iron Man,tetsuo-the-iron-man,23602,1989,,0,9,1,0,2025-02-08
In The Womb,in-the-womb,41143,2005,,0,,0,1,2025-02-07
Double Labyrinthe,double-labyrinthe,448832,1976,,0,10,1,1,2025-02-06
Venus in Furs,venus-in-furs,55853,1969,,0,7,1,0,2025-02-06
Plainclothes,plainclothes,1139776,2025,,0,7,1,1,2025-01-30
Wild at Heart,wild-at-heart,51623,1990,,0,10,1,0,2025-01-28
Eyes Wide Shut,eyes-wide-shut,51717,1999,,0,8,0,0,2025-01-06
Sonic the Hedgehog,sonic-the-hedgehog,386608,2020,,0,,0,0,2025-01-06
When Harry Met Sally...,when-harry-met-sally,51485,1989,,0,9,1,1,2024-12-31
Anora,anora,959540,2024,,0,8,1,1,2024-12-30
Slaughtered Vomit Dolls,slaughtered-vomit-dolls,28066,2006,,0,1,0,1,2024-12-27
Look Back,look-back-2024,1127669,2024,,0,10,1,0,2024-12-27
Babygirl,babygirl-2024,989125,2024,,0,4,0,1,2024-12-26
The Holdovers,the-holdovers,755564,2023,,0,10,1,1,2024-12-23
The Loved Ones,the-loved-ones,18920,2009,,0,7,1,0,2024-12-21
Center Jenny,center-jenny,164325,2013,,0,,1,1,2024-12-19
Splendor,splendor-1999,28741,1999,,0,10,1,1,2024-12-15
Black Christmas,black-christmas,41305,1974,,0,7,0,0,2024-12-10
In the Mood for Love,in-the-mood-for-love,51309,2000,,0,8,1,1,2024-12-09
Daisies,daisies,18447,1966,,0,10,1,1,2024-12-09
Blue Velvet,blue-velvet,51359,1986,,0,6,0,1,2024-12-03
"Paris, Texas",paris-texas,51469,1984,,0,9,1,0,2024-12-02
Almost Famous,almost-famous,51366,2000,,0,7,0,0,2024-12-01
Adventureland,adventureland,41477,2009,,0,6,0,0,2024-11-30
Smile 2,smile-2-2024,992360,2024,,0,6,0,0,2024-11-28
Irreversible,irreversible,51190,2002,,0,1,0,1,2024-11-25
(500) Days of Summer,500-days-of-summer,39350,2009,,0,7,1,0,2024-11-24
Marcel the Shell with Shoes On,marcel-the-shell-with-shoes-on-2021,781326,2021,,0,9,1,1,2024-11-22
Groundhog Day,groundhog-day,51914,1993,,0,,0,1,2024-11-04
Paprika,paprika-2006,49023,2006,,0,7,0,0,2024-11-03
Crimes of Passion,crimes-of-passion,24171,1984,,0,8,1,0,2024-11-01
House,house,35925,1977,,0,10,1,1,2024-10-31
The Skin I Live In,the-skin-i-live-in,3519,2011,,0,9,1,0,2024-10-30
Eyes Without a Face,eyes-without-a-face,31194,1960,,0,8,0,0,2024-10-29
Moulin Rouge!,moulin-rouge-2001,51328,2001,,0,6,0,1,2024-10-28
Ruby Sparks,ruby-sparks,83860,2012,,0,10,1,1,2024-10-09
Little Miss Sunshine,little-miss-sunshine,51379,2006,,0,10,1,0,2024-10-06
After Hours,after-hours,45842,1985,,0,9,1,0,2024-10-04
Videodrome,videodrome,51315,1983,,0,7,0,1,2024-10-04
Thoroughbreds,thoroughbreds-2017,332009,2017,,0,6,0,1,2024-10-03
Loser,loser,46032,2000,,0,3,0,0,2024-10-02
Dinner in America,dinner-in-america,579052,2020,,0,6,0,0,2024-09-28
My Little Pony: Equestria Girls,my-little-pony-equestria-girls,144452,2013,,1,,1,1,2024-09-28
Private Parts,private-parts,36520,1972,,0,10,1,1,2024-09-27
Bound,bound,47289,1996,,0,10,1,1,2024-09-26
Whiplash,whiplash-2014,171384,2014,,1,9,1,1,2024-09-25
The Substance,the-substance,838140,2024,,0,9,1,1,2024-09-22
Nowhere,nowhere,50782,1997,,0,8,1,1,2024-09-19
Lisa Frankenstein,lisa-frankenstein,895007,2024,,0,8,1,0,2024-09-13
Beetlejuice,beetlejuice,49530,1988,,0,8,1,0,2024-09-10
Cat Soup,cat-soup,36303,2001,,0,8,0,1,2024-09-04
Opera,opera,39226,1987,,0,5,0,1,2024-09-01
Trap,trap-2024,931164,2024,,0,4,0,1,2024-08-25
Joker,joker-2019,406775,2019,,1,4,0,1,2024-08-24
Heathers,heathers,50177,1989,,1,10,1,1,2024-08-23
Frances Ha,frances-ha,96083,2012,,0,7,0,0,2024-08-23
Moonstruck,moonstruck,50575,1987,,0,7,0,1,2024-08-19
Helter Skelter,helter-skelter-2012,84642,2012,,0,9,1,1,2024-08-18
"What's Up, Doc?",whats-up-doc-1972,48165,1972,,0,10,1,1,2024-08-17
Bottoms,bottoms,731222,2023,,1,10,1,0,2024-08-13
Dìdi (弟弟),didi-2024,1045115,2024,,0,9,1,1,2024-08-01
Breathless,breathless,51787,1960,,0,8,0,0,2024-07-30
D.E.B.S.,debs,51577,2004,,0,10,1,1,2024-07-17
Longlegs,longlegs,1110059,2024,,0,5,0,1,2024-07-13
Mysterious Skin,mysterious-skin,45537,2004,,0,10,1,0,2024-07-10
The Doom Generation,the-doom-generation,43792,1995,,0,9,1,0,2024-07-09
Despicable Me 4,despicable-me-4,448506,2024,,0,,0,1,2024-07-06
Whiplash,whiplash-2014,171384,2014,,0,9,1,0,2024-06-28
Secretary,secretary,45689,2002,,0,6,1,1,2024-06-27
I Saw the TV Glow,i-saw-the-tv-glow,772230,2024,,0,9,1,0,2024-06-26
Fallen Angels,fallen-angels,45489,1995,,0,10,1,0,2024-06-11
Not Another Teen Movie,not-another-teen-movie,45337,2001,,0,2,0,0,2024-06-01
The Social Network,the-social-network,26711,2010,,0,8,0,0,2024-05-26
Challengers,challengers,842301,2024,,0,10,1,0,2024-05-17
Bodies Bodies Bodies,bodies-bodies-bodies,449442,2022,,0,7,0,0,2024-05-09
Silver Linings Playbook,silver-linings-playbook,69151,2012,,0,8,1,0,2024-05-07
The Devil Wears Prada,the-devil-wears-prada,51712,2006,,0,8,1,0,2024-04-29
The SpongeBob SquarePants Movie,the-spongebob-squarepants-movie,44965,2004,,1,10,1,1,2024-04-25
Kamikaze Girls,kamikaze-girls,35443,2004,,0,10,1,1,2024-04-24
Buffalo '66,buffalo-66,47133,1998,,0,7,1,1,2024-04-16
Mr. Nobody,mr-nobody,31546,2009,,0,6,0,1,2024-04-06
Juno,juno,48051,2007,,0,8,1,1,2024-04-03
Pulp Fiction,pulp-fiction,51444,1994,,0,8,1,1,2024-03-01
Saw III,saw-iii,51842,2006,,1,9,1,1,2024-02-27
10 Things I Hate About You,10-things-i-hate-about-you,49047,1999,,0,7,0,0,2024-02-23
Saw II,saw-ii,51841,2005,,1,8,1,0,2024-02-10
Superbad,superbad,47776,2007,,0,9,1,0,2024-02-05
Welcome to the Dollhouse,welcome-to-the-dollhouse,45296,1995,,0,8,1,0,2024-01-31
Annabelle,annabelle,174952,2014,,1,3,0,0,2024-01-23
The Hunger Games: The Ballad of Songbirds & Snakes,the-hunger-games-the-ballad-of-songbirds-snakes,619510,2023,,0,9,1,0,2024-01-21
Uptown Girls,uptown-girls,42706,2003,,0,10,1,1,2024-01-20
Gia,gia,43018,1998,,0,8,1,1,2024-01-12
Good Will Hunting,good-will-hunting,51621,1997,,0,10,1,1,2024-01-08
Ring,ring-1998,50155,1998,,1,8,0,0,2024-01-06
Eternal Sunshine of the Spotless Mind,eternal-sunshine-of-the-spotless-mind,2683,2004,,0,9,1,0,2024-01-03
The Iron Claw,the-iron-claw-2023,764890,2023,,0,9,0,0,2024-01-03
Saltburn,saltburn,835774,2023,,0,,0,1,2023-12-28
Frozen,frozen-2013,87948,2013,,1,8,0,0,2023-12-23
Ginger Snaps,ginger-snaps,46762,2000,,0,8,1,0,2023-12-20
American Mary,american-mary,98772,2012,,0,3,0,1,2023-12-19
May,may,45798,2002,,0,10,1,0,2023-12-19
The Mule,the-mule,177101,2014,,0,6,0,1,2023-12-17
Carol,carol-2015,182142,2015,,0,9,1,0,2023-12-14
Audition,audition,45628,1999,,1,9,1,1,2023-12-10
Jigsaw,jigsaw-2017,225503,2017,,0,2,0,0,2023-12-10
An American Werewolf in London,an-american-werewolf-in-london,51338,1981,,0,8,0,1,2023-12-08
X,x-2022,680358,2022,,0,5,0,0,2023-12-08
Scott Pilgrim vs. the World,scott-pilgrim-vs-the-world,37833,2010,,0,10,1,0,2023-12-06
Scooby-Doo,scooby-doo,46964,2002,,1,10,1,0,2023-12-04
Bottoms,bottoms,731222,2023,,0,10,1,0,2023-12-03
Doggie Heaven,doggie-heaven,148343,2008,,0,2,0,0,2023-12-03
Saw X,saw-x,856036,2023,,0,8,0,0,2023-12-01
Cooties,cooties,169468,2014,,0,5,0,0,2023-11-29
"Girl, Interrupted",girl-interrupted,49671,1999,,1,9,1,0,2023-11-15
Saw 3D,saw-3d,23593,2010,,1,3,0,0,2023-11-12
Saw VI,saw-vi,37687,2009,,1,4,0,0,2023-11-11
Saw V,saw-v,44889,2008,,1,8,1,0,2023-11-10
Saw IV,saw-iv,51461,2007,,1,7,0,0,2023-11-10
Saw III,saw-iii,51842,2006,,1,9,1,0,2023-11-09
Saw II,saw-ii,51841,2005,,1,8,1,0,2023-11-09
Saw,saw,51875,2004,,1,8,1,0,2023-11-08
Five Nights at Freddy's,five-nights-at-freddys,436948,2023,,0,7,0,0,2023-10-31
Blue Beetle,blue-beetle,494248,2023,,0,8,0,0,2023-08-22
Oppenheimer,oppenheimer-2023,784328,2023,,0,8,0,0,2023-07-21
Barbie,barbie,277064,2023,,0,9,1,0,2023-07-20
Spider-Man: Across the Spider-Verse,spider-man-across-the-spider-verse,497631,2023,,0,8,0,0,2023-06-09
Spider-Man: Into the Spider-Verse,spider-man-into-the-spider-verse,251943,2018,,0,9,0,0,2023-06-01
The Batman,the-batman,348914,2022,,0,9,1,0,2022-03-04
