name,slug,id,release,runtime,rewatched,rating,liked,reviewed,date
Ginger Snaps,ginger-snaps,46762,2000,,0,8,1,0,2025-10-28
Blade Runner 2049,blade-runner-2049,265439,2017,,1,8,1,0,2025-10-28
Dancer in the Dark,dancer-in-the-dark,2701,2000,,0,9,1,1,2025-10-26
Sicario,sicario-2015,197628,2015,,1,9,1,0,2025-10-25
The Mastermind,the-mastermind-2025,1242097,2025,,0,8,1,0,2025-10-25
The Testament of Ann Lee,the-testament-of-ann-lee,1284627,2025,,0,9,1,1,2025-10-24
Ghost Rider: Spirit of Vengeance,ghost-rider-spirit-of-vengeance,57804,2011,,0,4,1,0,2025-10-24
The Hunger,the-hunger,45099,1983,,0,7,1,0,2025-10-23
Blue Moon,blue-moon-2025,1181463,2025,,0,7,1,0,2025-10-22
TRON: Ares,tron-ares,462903,2025,,0,3,0,1,2025-10-22
Shelby Oaks,shelby-oaks,842907,2024,,0,5,0,0,2025-10-21
The Other Guys,the-other-guys,34394,2010,,1,5,1,0,2025-10-20
TRON: Legacy,tron-legacy,38957,2010,,1,8,1,0,2025-10-19
Crank: High Voltage,crank-high-voltage,42603,2009,,1,,1,1,2025-10-19
In the Mouth of Madness,in-the-mouth-of-madness,50166,1994,,0,8,1,1,2025-10-18
Urchin,urchin-2025,1167057,2025,,0,7,1,0,2025-10-18
Annie Hall,annie-hall,51423,1977,,0,9,1,1,2025-10-18
Taste of Cherry,taste-of-cherry,32345,1997,,0,9,1,0,2025-10-16
Antrum,antrum,346653,2018,,0,6,1,0,2025-10-15
Phantom of the Paradise,phantom-of-the-paradise,34615,1974,,1,10,1,1,2025-10-14
One Battle After Another,one-battle-after-another,951277,2025,,1,10,1,1,2025-10-14
Pineapple Express,pineapple-express,46462,2008,,1,7,1,0,2025-10-11
Good Time,good-time,362362,2017,,1,8,1,0,2025-10-10
TRON: Legacy,tron-legacy,38957,2010,,1,8,1,0,2025-10-10
Novocaine,novocaine-2025,1081017,2025,,0,4,0,0,2025-10-10
Near Dark,near-dark,44924,1987,,0,9,1,0,2025-10-09
Nosferatu,nosferatu-2024,359505,2024,,1,9,1,0,2025-10-07
Noroi: The Curse,noroi-the-curse,38360,2005,,0,7,1,0,2025-10-05
Austin Powers: International Man of Mystery,austin-powers-international-man-of-mystery,51336,1997,,1,7,1,0,2025-10-04
The Smashing Machine,the-smashing-machine-2025,680739,2025,,0,6,1,0,2025-10-04
Barry Lyndon,barry-lyndon,49811,1975,,0,10,1,1,2025-10-04
Pain & Gain,pain-gain,103559,2013,,0,8,1,1,2025-10-03
Avatar: The Way of Water,avatar-the-way-of-water,63058,2022,,1,9,1,1,2025-10-03
Dune: Part Two,dune-part-two,617443,2024,,1,10,1,0,2025-10-02
Ghostwatch,ghostwatch,18729,1992,,0,7,1,1,2025-10-02
Amores Perros,amores-perros,51990,2000,,0,8,1,0,2025-09-30
One Battle After Another,one-battle-after-another,951277,2025,,1,10,1,1,2025-09-30
Dune,dune-2021,371378,2021,,1,9,1,0,2025-09-28
One Battle After Another,one-battle-after-another,951277,2025,,1,10,1,1,2025-09-28
The Conjuring: Last Rites,the-conjuring-last-rites,936065,2025,,0,4,0,0,2025-09-28
Marvel Zombies,marvel-zombies,1415476,2025,,0,5,0,0,2025-09-27
Bo Burnham: Inside,bo-burnham-inside,739775,2021,,1,9,1,1,2025-09-25
Kubo and the Two Strings,kubo-and-the-two-strings,240068,2016,,1,8,1,0,2025-09-23
Killer Joe,killer-joe,59767,2011,,0,7,1,1,2025-09-23
Phantom Thread,phantom-thread,335384,2017,,1,9,1,1,2025-09-22
The Pirate Movie,the-pirate-movie,35731,1982,,1,,1,0,2025-09-21
The Master,the-master-2012,52512,2012,,1,10,1,1,2025-09-21
The Pirate Movie,the-pirate-movie,35731,1982,,1,,1,0,2025-09-19
Rush Hour,rush-hour,50517,1998,,0,6,1,0,2025-09-17
Two,two-1965,137762,1965,,1,,1,0,2025-09-17
The Bread and Alley,the-bread-and-alley,100064,1970,,0,,1,0,2025-09-17
One Battle After Another,one-battle-after-another,951277,2025,,1,10,1,1,2025-09-16
Baby Invasion,baby-invasion,1146638,2024,,0,,1,1,2025-09-15
The Long Walk,the-long-walk-2025,531316,2025,,0,7,1,1,2025-09-15
Crank: High Voltage,crank-high-voltage,42603,2009,,0,,1,1,2025-09-10
Sniper: Special Ops,sniper-special-ops,328649,2016,,0,,0,0,2025-09-10
Hard to Kill,hard-to-kill,47031,1990,,0,,0,0,2025-09-09
In the Loop,in-the-loop,39386,2009,,0,9,1,1,2025-09-06
Haywire,haywire,59018,2011,,0,6,1,0,2025-09-05
Total Recall,total-recall,51291,1990,,0,8,1,1,2025-09-05
6 Underground,6-underground,439717,2019,,1,5,1,0,2025-09-04
Nashville,nashville,49852,1975,,0,10,1,1,2025-09-02
The Beach Bum,the-beach-bum,374051,2019,,0,8,1,1,2025-09-01
Basic Instinct,basic-instinct,51688,1992,,0,8,1,1,2025-09-01
Caught Stealing,caught-stealing,1129199,2025,,0,6,1,1,2025-08-31
Jaws 2,jaws-2,51541,1978,,1,6,1,0,2025-08-31
Jaws,jaws,51542,1975,,1,10,1,1,2025-08-30
A Most Violent Year,a-most-violent-year,169106,2014,,0,7,1,0,2025-08-24
Miami Vice,miami-vice,51968,2006,,1,10,1,1,2025-08-24
Le Samouraï,le-samourai,48817,1967,,0,9,1,0,2025-08-23
Cocktail,cocktail,47992,1988,,0,,1,1,2025-08-22
All That Jazz,all-that-jazz,41361,1979,,0,10,1,1,2025-08-21
When the Levees Broke: A Requiem in Four Acts,when-the-levees-broke-a-requiem-in-four-acts,7408,2006,,0,9,1,1,2025-08-20
The Naked Gun,the-naked-gun,933381,2025,,1,8,1,0,2025-08-20
Deep Blue Sea,deep-blue-sea,47513,1999,,1,7,1,0,2025-08-19
Cars 2,cars-2,16560,2011,,1,3,0,1,2025-08-19
Death Proof,death-proof,50621,2007,,1,7,1,1,2025-08-19
Cars 3,cars-3,184062,2017,,0,5,0,0,2025-08-18
Incredibles 2,incredibles-2,184061,2018,,1,8,1,0,2025-08-17
The Incredibles,the-incredibles,46806,2004,,1,10,1,0,2025-08-17
Highest 2 Lowest,highest-2-lowest,1125031,2025,,0,5,0,0,2025-08-17
First Man,first-man,305811,2018,,0,9,1,1,2025-08-16
Pulse,pulse-2001,34618,2001,,1,8,1,0,2025-08-15
Fantastic Four: Rise of the Silver Surfer,fantastic-four-rise-of-the-silver-surfer,50631,2007,,1,4,1,0,2025-08-15
Godzilla Minus One,godzilla-minus-one,845706,2023,,1,8,1,0,2025-08-14
Shin Godzilla,shin-godzilla,241920,2016,,1,8,1,0,2025-08-14
The Martian,the-martian,211511,2015,,0,7,1,0,2025-08-14
August: Osage County,august-osage-county,114661,2013,,0,7,1,1,2025-08-14
"I, Robot",i-robot,50568,2004,,0,5,0,0,2025-08-13
Babylon,babylon-2022,542773,2022,,1,8,1,1,2025-08-12
Carlito's Way,carlitos-way,48473,1993,,0,8,1,0,2025-08-12
Scarface,scarface-1983,51939,1983,,0,8,1,1,2025-08-12
Batman v Superman: Dawn of Justice,batman-v-superman-dawn-of-justice,148998,2016,,1,5,0,1,2025-08-12
Moulin Rouge!,moulin-rouge-2001,51328,2001,,1,9,1,1,2025-08-11
Inherent Vice,inherent-vice,125830,2014,,0,9,1,0,2025-08-10
Creed,creed,239260,2015,,1,8,1,0,2025-08-09
Terrified,terrified-2017,419979,2017,,0,6,1,0,2025-08-08
The Naked Gun,the-naked-gun,933381,2025,,1,8,1,1,2025-08-08
Deepwater Horizon,deepwater-horizon,223838,2016,,1,7,1,0,2025-08-07
Weapons,weapons-2025,972109,2025,,0,9,1,1,2025-08-07
Horrible Bosses,horrible-bosses,14285,2011,,0,5,0,0,2025-08-07
The Naked Gun,the-naked-gun,933381,2025,,0,8,1,0,2025-08-06
Captain Phillips,captain-phillips,87964,2013,,0,8,1,0,2025-08-05
Pirates of the Caribbean: On Stranger Tides,pirates-of-the-caribbean-on-stranger-tides,50735,2011,,1,2,0,1,2025-08-04
TRON: Legacy,tron-legacy,38957,2010,,1,8,1,0,2025-08-04
Pirates of the Caribbean: At World's End,pirates-of-the-caribbean-at-worlds-end,51773,2007,,1,8,1,1,2025-08-04
Pirates of the Caribbean: Dead Man's Chest,pirates-of-the-caribbean-dead-mans-chest,51989,2006,,1,9,1,0,2025-08-04
The Killer,the-killer-2023,717654,2023,,1,8,1,0,2025-08-03
Doubt,doubt,43151,2008,,1,9,1,1,2025-08-02
Together,together-2025,1125397,2025,,0,7,1,0,2025-08-02
Charlie Wilson's War,charlie-wilsons-war,48262,2007,,0,6,1,0,2025-08-01
Talladega Nights: The Ballad of Ricky Bobby,talladega-nights-the-ballad-of-ricky-bobby,46887,2006,,0,7,1,0,2025-07-31
Drive,drive-2011,277,2011,,0,8,1,0,2025-07-30
The Fantastic Four: First Steps,the-fantastic-four-first-steps,543967,2025,,0,6,1,1,2025-07-29
Pirates of the Caribbean: The Curse of the Black Pearl,pirates-of-the-caribbean-the-curse-of-the-black-pearl,2695,2003,,1,8,1,0,2025-07-29
Happy Gilmore 2,happy-gilmore-2,1147371,2025,,0,4,0,0,2025-07-28
Fargo,fargo,51781,1996,,1,9,1,0,2025-07-28
Starship Troopers,starship-troopers,51555,1997,,1,8,1,0,2025-07-28
Donnie Darko,donnie-darko,51910,2001,,0,7,1,0,2025-07-27
The Place Beyond the Pines,the-place-beyond-the-pines,80200,2012,,0,8,1,0,2025-07-27
The Iron Giant,the-iron-giant,46280,1999,,0,9,1,0,2025-07-25
Phantom of the Paradise,phantom-of-the-paradise,34615,1974,,1,10,1,0,2025-07-25
Jurassic World Rebirth,jurassic-world-rebirth,1117926,2025,,0,3,0,1,2025-07-24
Fantastic Four,fantastic-four,123065,2015,,0,2,0,1,2025-07-24
Old School,old-school,45116,2003,,0,5,0,0,2025-07-23
Happy Gilmore,happy-gilmore,46987,1996,,1,8,1,0,2025-07-23
Another Simple Favor,another-simple-favor,877240,2025,,0,4,0,0,2025-07-22
The Town,the-town,37503,2010,,1,7,1,0,2025-07-20
Contagion,contagion,25156,2011,,1,9,1,0,2025-07-20
Eddington,eddington,574595,2025,,0,8,1,0,2025-07-18
Dunkirk,dunkirk-2017,310199,2017,,1,9,1,0,2025-07-18
Showgirls,showgirls,45882,1995,,1,9,1,1,2025-07-17
Sherlock Holmes,sherlock-holmes-2009,46144,2009,,0,6,1,0,2025-07-17
The Silence of the Lambs,the-silence-of-the-lambs,51782,1991,,1,9,1,0,2025-07-16
Superman,superman-2025,957050,2025,,1,5,0,0,2025-07-15
The Lord of the Rings: The Fellowship of the Ring,the-lord-of-the-rings-the-fellowship-of-the-ring,51930,2001,,1,10,1,0,2025-07-15
Field of Dreams,field-of-dreams,50330,1989,,0,8,1,0,2025-07-14
The Day the Earth Blew Up: A Looney Tunes Movie,the-day-the-earth-blew-up-a-looney-tunes-movie,782460,2024,,0,6,1,1,2025-07-14
Man of Steel,man-of-steel,16091,2013,,1,4,0,0,2025-07-12
Martyrs,martyrs,47061,2008,,0,7,1,0,2025-07-11
Superman,superman-2025,957050,2025,,0,6,1,0,2025-07-11
Edge of Tomorrow,edge-of-tomorrow,105183,2014,,1,8,1,0,2025-07-10
There Will Be Blood,there-will-be-blood,48044,2007,,1,9,1,0,2025-07-10
King Kong,king-kong-2005,51802,2005,,0,7,1,0,2025-07-08
Batman Begins,batman-begins,51784,2005,,1,7,1,0,2025-07-08
Skyfall,skyfall,26779,2012,,1,8,1,0,2025-07-07
Casino Royale,casino-royale-2006,27809,2006,,1,8,1,1,2025-07-07
The Dark Knight Rises,the-dark-knight-rises,16550,2012,,1,7,1,0,2025-07-06
The Dark Knight,the-dark-knight,51896,2008,,1,9,1,0,2025-07-05
V for Vendetta,v-for-vendetta,51400,2005,,1,7,1,0,2025-07-04
F1,f1,817977,2025,,0,7,1,1,2025-07-02
28 Years Later,28-years-later,992786,2025,,0,8,1,0,2025-07-01
The Prestige,the-prestige,51147,2006,,1,8,1,0,2025-06-28
Inception,inception,34722,2010,,1,8,1,0,2025-06-27
The Counselor,the-counselor,87685,2013,,0,7,1,1,2025-06-26
How to Train Your Dragon,how-to-train-your-dragon-2025,980116,2025,,0,4,0,1,2025-06-26
The Bourne Identity,the-bourne-identity-2002,50225,2002,,1,8,1,0,2025-06-25
Mission: Impossible – Fallout,mission-impossible-fallout,283273,2018,,1,10,1,0,2025-06-24
The Big Short,the-big-short,246013,2015,,1,8,1,0,2025-06-24
Mission: Impossible II,mission-impossible-ii,51205,2000,,1,6,1,0,2025-06-23
He Got Game,he-got-game,47129,1998,,0,8,1,0,2025-06-22
Burn After Reading,burn-after-reading,49054,2008,,0,8,1,0,2025-06-22
Midnight Cowboy,midnight-cowboy,49856,1969,,0,9,1,0,2025-06-19
Mission: Impossible,mission-impossible,51206,1996,,1,8,1,0,2025-06-19
Sunshine,sunshine-2007,51110,2007,,1,8,1,0,2025-06-18
The Conversation,the-conversation,51529,1974,,0,9,1,0,2025-06-18
The Poughkeepsie Tapes,the-poughkeepsie-tapes,26155,2007,,0,6,1,1,2025-06-18
Fight Club,fight-club,51568,1999,,1,9,1,0,2025-06-17
Snake Eyes,snake-eyes,47647,1998,,0,8,1,1,2025-06-17
Assassination Nation,assassination-nation,378525,2018,,0,3,0,1,2025-06-16
The Wolf of Wall Street,the-wolf-of-wall-street,86114,2013,,1,9,1,0,2025-06-14
Miami Vice,miami-vice,51968,2006,,1,10,1,1,2025-06-13
Mission: Impossible – Ghost Protocol,mission-impossible-ghost-protocol,9788,2011,,1,8,1,0,2025-06-10
"Crazy, Stupid, Love.",crazy-stupid-love,15051,2011,,0,7,1,0,2025-06-10
Inside Man,inside-man,51701,2006,,0,8,1,1,2025-06-10
Moneyball,moneyball,6286,2011,,1,9,1,0,2025-06-09
Dogma,dogma,50767,1999,,0,8,1,0,2025-06-06
The Phoenician Scheme,the-phoenician-scheme,1025047,2025,,0,7,1,1,2025-06-06
The Birdcage,the-birdcage,45702,1996,,1,9,1,0,2025-06-05
Ocean's Twelve,oceans-twelve,51888,2004,,1,7,1,1,2025-06-05
The Batman,the-batman,348914,2022,,1,9,1,0,2025-06-04
Ocean's Eleven,oceans-eleven-2001,51890,2001,,1,8,1,0,2025-06-02
Casino,casino,51593,1995,,1,9,1,0,2025-05-31
Bring Her Back,bring-her-back,1037627,2025,,0,7,1,1,2025-05-30
Collateral,collateral,50995,2004,,1,9,1,1,2025-05-29
Bernie,bernie-2011,77241,2011,,0,7,1,0,2025-05-27
Mission: Impossible III,mission-impossible-iii,51204,2006,,1,7,1,0,2025-05-27
Zodiac,zodiac,50659,2007,,1,10,1,1,2025-05-25
Robots,robots,46706,2005,,1,8,1,1,2025-05-20
Mission: Impossible – Rogue Nation,mission-impossible-rogue-nation,129816,2015,,1,9,1,0,2025-05-20
"Love, Death & Robots: Spider Rose",love-death-robots-spider-rose,1358410,2025,,0,,0,0,2025-05-16
"Love, Death & Robots: Close Encounters of the Mini Kind",love-death-robots-close-encounters-of-the,1358399,2025,,0,,1,0,2025-05-16
"Love, Death & Robots: Can't Stop",love-death-robots-cant-stop,1358409,2025,,0,,1,1,2025-05-16
Gone Baby Gone,gone-baby-gone,49148,2007,,1,8,1,1,2025-05-15
Final Destination Bloodlines,final-destination-bloodlines,502622,2025,,0,6,1,1,2025-05-15
Beautiful Boy,beautiful-boy-2018,384058,2018,,1,8,1,0,2025-05-15
Adolescence,adolescence-2025,1326828,2025,,0,7,1,0,2025-05-14
Mission: Impossible – The Final Reckoning,mission-impossible-the-final-reckoning,503403,2025,,0,8,1,1,2025-05-12
Mission: Impossible – Dead Reckoning,mission-impossible-dead-reckoning,503402,2023,,1,8,1,0,2025-05-12
Chronicle,chronicle,63180,2012,,1,7,1,1,2025-05-12
OPAL,opal-2020,679062,2020,,1,9,1,0,2025-05-11
To the Wonder,to-the-wonder,6311,2012,,0,8,1,1,2025-05-10
"Love, Death & Robots: The Witness",love-death-robots-the-witness,516560,2019,,1,,0,0,2025-05-09
"Love, Death & Robots: Blindspot",love-death-robots-blindspot,518054,2019,,1,,0,0,2025-05-09
The Master,the-master-2012,52512,2012,,1,10,1,0,2025-05-09
Thunderbolts*,thunderbolts,887653,2025,,0,5,0,1,2025-05-08
The Thin Red Line,the-thin-red-line,47627,1998,,1,10,1,1,2025-05-08
Eastern Promises,eastern-promises,50390,2007,,0,8,1,0,2025-05-07
Oppenheimer,oppenheimer-2023,784328,2023,,1,10,1,0,2025-05-06
Crank,crank,50660,2006,,0,,1,0,2025-05-06
Evil Dead II,evil-dead-ii,51387,1987,,1,9,1,1,2025-05-04
Ratcatcher,ratcatcher,32626,1999,,0,9,1,0,2025-05-02
Spider-Man: Across the Spider-Verse,spider-man-across-the-spider-verse,497631,2023,,1,9,1,1,2025-05-01
A Minecraft Movie,a-minecraft-movie,854691,2025,,0,4,0,0,2025-05-01
2001: A Space Odyssey,2001-a-space-odyssey,51987,1968,,1,10,1,1,2025-04-28
Bug Diner,bug-diner,1100730,2024,,0,,1,1,2025-04-22
The Life of Chuck,the-life-of-chuck,757612,2024,,0,7,1,1,2025-04-22
Top Gun,top-gun,51408,1986,,1,8,1,0,2025-04-22
Tenet,tenet,506032,2020,,1,10,1,1,2025-04-21
Sinners,sinners-2025,1116600,2025,,1,9,1,0,2025-04-21
The Shrouds,the-shrouds,873736,2024,,0,,0,1,2025-04-20
The Departed,the-departed,51042,2006,,1,10,1,0,2025-04-18
Friendship,friendship-2024,1122691,2024,,0,8,1,1,2025-04-18
Spider-Man: Far From Home,spider-man-far-from-home,362977,2019,,1,6,1,1,2025-04-18
Sinners,sinners-2025,1116600,2025,,0,8,1,1,2025-04-18
Attrition,attrition,478945,2018,,0,,0,1,2025-04-16
Uncut Gems,uncut-gems,404266,2019,,1,10,1,1,2025-04-16
Moulin Rouge!,moulin-rouge-2001,51328,2001,,1,9,1,1,2025-04-15
Warfare,warfare,1124701,2025,,0,7,1,1,2025-04-13
Michael Clayton,michael-clayton,49241,2007,,0,8,1,1,2025-04-10
We Own the Night,we-own-the-night,50611,2007,,0,8,1,1,2025-04-10
The Departed,the-departed,51042,2006,,1,10,1,1,2025-04-08
TRON: Legacy,tron-legacy,38957,2010,,1,8,1,1,2025-04-07
Trap,trap-2024,931164,2024,,1,8,1,0,2025-04-07
Real Life,real-life,29928,1979,,0,8,1,0,2025-04-07
TRON: Legacy,tron-legacy,38957,2010,,1,8,1,0,2025-04-06
The Insider,the-insider,47434,1999,,0,9,1,1,2025-03-31
Ali,ali,47698,2001,,0,7,1,0,2025-03-31
Car's Life 2,cars-life-2,82922,2011,,0,1,1,0,2025-03-30
Love on the Rock,love-on-the-rock,810022,2021,,0,2,0,1,2025-03-30
A Car's Life: Sparky's Big Adventure,a-cars-life-sparkys-big-adventure,182336,2006,,0,1,1,1,2025-03-30
Saw 3D,saw-3d,23593,2010,,1,,0,0,2025-03-30
Saw VI,saw-vi,37687,2009,,1,,1,0,2025-03-30
Wonka,wonka,706083,2023,,1,8,1,1,2025-03-29
Saw V,saw-v,44889,2008,,1,,1,1,2025-03-29
Saw IV,saw-iv,51461,2007,,1,,1,0,2025-03-29
Sicario,sicario-2015,197628,2015,,1,9,1,0,2025-03-27
Thief,thief,45224,1981,,1,9,1,0,2025-03-26
Y Tu Mamá También,y-tu-mama-tambien,51068,2001,,0,10,1,1,2025-03-26
Paths of Glory,paths-of-glory,51194,1957,,0,9,1,0,2025-03-26
No Country for Old Men,no-country-for-old-men,48140,2007,,1,10,1,0,2025-03-26
Mikey and Nicky,mikey-and-nicky,7211,1976,,0,9,1,0,2025-03-24
Hot Fuzz,hot-fuzz,49210,2007,,1,10,1,0,2025-03-24
One Battle After Another,one-battle-after-another,951277,2025,,0,8,1,1,2025-03-23
The Raid,the-raid-2011,78266,2011,,1,9,1,1,2025-03-22
Superstar: The Karen Carpenter Story,superstar-the-karen-carpenter-story,51072,1987,,0,9,1,1,2025-03-22
Public Enemies,public-enemies-2009,45411,2009,,0,8,1,1,2025-03-20
Spring Breakers,spring-breakers,96109,2012,,0,8,1,1,2025-03-19
John Wick,john-wick,172076,2014,,1,7,1,0,2025-03-19
Opus,opus-2025,1087000,2025,,0,4,0,1,2025-03-16
Black Bag,black-bag-2025,1116755,2025,,0,8,1,1,2025-03-15
The Last of the Mohicans,the-last-of-the-mohicans-1992,47234,1992,,0,8,1,1,2025-03-13
Bound,bound,47289,1996,,0,8,1,0,2025-03-10
Heat,heat-1995,51994,1995,,0,10,1,0,2025-03-06
Licorice Pizza,licorice-pizza,641086,2021,,1,9,1,1,2025-03-05
Happiness,happiness,45993,1998,,1,9,1,1,2025-03-05
Werckmeister Harmonies,werckmeister-harmonies,37507,2000,,0,9,1,1,2025-03-05
To Live and Die in L.A.,to-live-and-die-in-la,46769,1985,,0,9,1,1,2025-03-03
Matchstick Men,matchstick-men,48082,2003,,0,8,1,0,2025-02-27
Mulan,mulan,46001,1998,,1,9,1,0,2025-02-25
The Apartment,the-apartment,51774,1960,,0,10,1,1,2025-02-24
I'm Still Here,im-still-here-2024,901671,2024,,0,8,1,0,2025-02-17
Toy Story 2,toy-story-2,51289,1999,,1,9,1,0,2025-02-15
Tenet,tenet,506032,2020,,1,10,1,1,2025-02-13
Mickey 17,mickey-17,620281,2025,,0,6,1,1,2025-02-13
Caligula,caligula,47144,1979,,0,7,1,1,2025-02-09
Blackhat,blackhat,144108,2015,,0,8,1,1,2025-02-07
True Romance,true-romance,51740,1993,,0,8,1,1,2025-02-07
Joker,joker-2019,406775,2019,,1,7,1,1,2025-02-06
Presence,presence-2024,1027937,2024,,0,7,1,1,2025-01-29
Flight Risk,flight-risk-2025,1014704,2025,,0,4,0,1,2025-01-24
Videodrome,videodrome,51315,1983,,1,9,1,1,2025-01-22
Wolf Man,wolf-man-2025,633446,2025,,0,6,1,1,2025-01-21
Lost Highway,lost-highway,51486,1997,,1,8,1,0,2025-01-20
Red One,red-one,760193,2024,,0,2,0,0,2025-01-18
Den of Thieves 2: Pantera,den-of-thieves-2-pantera,531894,2025,,0,7,1,1,2025-01-17
Den of Thieves,den-of-thieves,381754,2018,,0,7,1,1,2025-01-17
The Brutalist,the-brutalist,478428,2024,,1,10,1,1,2025-01-14
Snack Shack,snack-shack,935149,2024,,0,6,1,0,2025-01-13
Red Rooms,red-rooms,818798,2023,,0,9,1,0,2025-01-11
Look Back,look-back-2024,1127669,2024,,0,8,1,0,2025-01-11
Super/Man: The Christopher Reeve Story,super-man-the-christopher-reeve-story,1016928,2024,,0,8,1,0,2025-01-11
The Beast,the-beast-2023-1,820448,2023,,0,9,1,0,2025-01-10
Between the Temples,between-the-temples,1014059,2024,,0,8,1,0,2025-01-10
Rebel Ridge,rebel-ridge,571791,2024,,0,7,1,0,2025-01-09
Emilia Pérez,emilia-perez,877608,2024,,1,3,0,1,2025-01-06
Wallace & Gromit: Vengeance Most Fowl,wallace-gromit-vengeance-most-fowl,834561,2024,,0,8,1,1,2025-01-04
Cunk on Life,cunk-on-life,1138173,2024,,0,,1,1,2025-01-04
Sonic the Hedgehog 3,sonic-the-hedgehog-3,844148,2024,,0,6,1,0,2025-01-04
Se7en,se7en,51345,1995,,1,10,1,1,2025-01-04
Se7en,se7en,51345,1995,,1,10,1,1,2025-01-03
A Complete Unknown,a-complete-unknown,586583,2024,,0,8,1,0,2025-01-03
Milk & Serial,milk-serial,1073624,2024,,0,6,1,0,2025-01-02
La Chimera,la-chimera,752626,2023,,0,9,1,0,2025-01-02
"Your Friend, Nate Bargatze",your-friend-nate-bargatze,1262752,2024,,0,,1,0,2024-12-28
Babygirl,babygirl-2024,989125,2024,,0,8,1,1,2024-12-26
Nosferatu,nosferatu-2024,359505,2024,,0,9,1,1,2024-12-26
Mufasa: The Lion King,mufasa-the-lion-king,682754,2024,,0,4,0,1,2024-12-26
Die Hard,die-hard,51556,1988,,1,10,1,1,2024-12-24
The Lord of the Rings: The War of the Rohirrim,the-lord-of-the-rings-the-war-of-the-rohirrim,754115,2024,,0,5,0,0,2024-12-23
Juror #2,juror-2,997722,2024,,0,8,1,0,2024-12-23
Flow,flow-2024,739451,2024,,0,8,1,0,2024-12-23
A Real Pain,a-real-pain,913258,2024,,0,7,1,0,2024-12-23
Emilia Pérez,emilia-perez,877608,2024,,0,4,0,0,2024-12-23
Road House,road-house-2024,291213,2024,,0,5,0,1,2024-12-20
Stand Up Solutions,stand-up-solutions,1173203,2024,,0,,1,0,2024-12-19
Chime,chime,1103563,2024,,0,8,1,0,2024-12-19
Disclaimer,disclaimer-2024,1230657,2024,,0,7,1,0,2024-12-18
The Instigators,the-instigators,954971,2024,,0,5,0,1,2024-12-16
"Oh, Canada",oh-canada,1004015,2024,,0,7,1,0,2024-12-14
The Creep Tapes,the-creep-tapes,1273462,2024,,0,7,1,0,2024-12-13
Orion and the Dark,orion-and-the-dark,1025926,2024,,0,5,0,0,2024-12-13
Rap World,rap-world,1139833,2024,,0,9,1,1,2024-12-12
Woman of the Hour,woman-of-the-hour,750566,2023,,0,6,1,1,2024-12-12
The Mask,the-mask-2023,1358169,2023,,0,,1,0,2024-12-11
GoodFellas,goodfellas,51383,1990,,1,10,1,1,2024-12-10
Y2K,y2k-2024,986257,2024,,0,6,1,0,2024-12-10
Logan,logan-2017,186549,2017,,1,9,1,0,2024-12-10
Queer,queer-2024,955184,2024,,0,8,1,0,2024-12-07
Miami Vice,miami-vice,51968,2006,,0,9,1,1,2024-12-06
Humanist Vampire Seeking Consenting Suicidal Person,humanist-vampire-seeking-consenting-suicidal-person,890105,2023,,0,8,1,0,2024-12-05
Shōgun,shogun-2024,1124872,2024,,0,9,1,0,2024-12-04
Moana 2,moana-2,1124878,2024,,0,5,0,0,2024-12-02
"South Park: Bigger, Longer & Uncut",south-park-bigger-longer-uncut,47125,1999,,1,8,1,0,2024-11-25
Gladiator II,gladiator-ii,486978,2024,,0,7,1,1,2024-11-24
Wicked,wicked-2024,337036,2024,,0,6,1,1,2024-11-22
Salem's Lot,salems-lot-2024,677660,2024,,0,5,0,1,2024-11-22
Baby Reindeer,baby-reindeer,1156611,2024,,0,9,1,0,2024-11-19
The Penguin,the-penguin-2024,1247272,2024,,0,8,1,1,2024-11-19
Saw III,saw-iii,51842,2006,,1,,1,1,2024-11-18
Magnolia,magnolia,51728,1999,,1,10,1,1,2024-11-16
Tenet,tenet,506032,2020,,1,9,1,1,2024-11-15
Heretic,heretic-2024,1025331,2024,,0,6,1,1,2024-11-11
Boogie Nights,boogie-nights,49007,1997,,1,10,1,1,2024-11-09
The Happiest Guy in the World,the-happiest-guy-in-the-world,491699,2018,,0,,1,0,2024-11-05
Mynarski Death Plummet,mynarski-death-plummet,214963,2014,,0,,1,0,2024-11-05
Saw II,saw-ii,51841,2005,,1,7,1,1,2024-11-04
Saw,saw,51875,2004,,1,8,1,1,2024-10-31
Wake in Fright,wake-in-fright,35342,1971,,0,8,1,1,2024-10-27
Birdeater,birdeater,1004643,2023,,0,8,1,1,2024-10-27
Bird,bird-2024,1017230,2024,,0,8,1,0,2024-10-27
Grand Theft Hamlet,grand-theft-hamlet,1118050,2024,,0,7,1,1,2024-10-26
The End,the-end-2024,792473,2024,,0,8,1,1,2024-10-26
A Matter of Life and Death,a-matter-of-life-and-death,33869,1946,,0,9,1,1,2024-10-26
Blitz,blitz-2024,806907,2024,,0,6,1,1,2024-10-25
The Order,the-order-2024,975393,2024,,0,6,1,0,2024-10-24
Memoir of a Snail,memoir-of-a-snail,959829,2024,,0,8,1,0,2024-10-24
Better Man,better-man-2024,717471,2024,,0,7,1,0,2024-10-23
The Seed of the Sacred Fig,the-seed-of-the-sacred-fig,1161806,2024,,0,8,1,0,2024-10-22
The Room Next Door,the-room-next-door-2024,981400,2024,,0,8,1,0,2024-10-22
Smile 2,smile-2-2024,992360,2024,,0,6,1,1,2024-10-21
Conclave,conclave,877253,2024,,0,7,1,0,2024-10-21
No Other Land,no-other-land,1115874,2024,,0,9,1,0,2024-10-21
Hard Truths,hard-truths-2024,912810,2024,,0,7,1,0,2024-10-20
Nickel Boys,nickel-boys,926589,2024,,0,8,1,0,2024-10-20
Cloud,cloud-2024,1127005,2024,,0,8,1,1,2024-10-20
The Brutalist,the-brutalist,478428,2024,,0,9,1,1,2024-10-19
Maria,maria-2024,936040,2024,,0,7,1,1,2024-10-19
Anora,anora,959540,2024,,0,9,1,1,2024-10-18
Bound in Heaven,bound-in-heaven,1203568,2024,,0,6,1,1,2024-10-18
Terrifier 3,terrifier-3,932739,2024,,0,7,1,1,2024-10-14
Saturday Night,saturday-night-2024,1010683,2024,,0,7,1,1,2024-10-10
Dante's Peak,dantes-peak,46982,1997,,0,,1,0,2024-10-07
Candyman,candyman,47071,1992,,1,8,1,1,2024-10-07
We Live in Time,we-live-in-time,991786,2024,,0,7,1,1,2024-10-05
My Old Ass,my-old-ass,852531,2024,,0,7,1,0,2024-10-04
Wolfs,wolfs,789010,2024,,0,6,1,0,2024-10-03
The Wild Robot,the-wild-robot,1071196,2024,,0,8,1,0,2024-10-01
Joker: Folie à Deux,joker-folie-a-deux,800858,2024,,0,,1,1,2024-09-30
Azrael,azrael-2024,927624,2024,,0,6,1,0,2024-09-28
Megalopolis,megalopolis-2024,520328,2024,,0,,1,1,2024-09-26
The Substance,the-substance,838140,2024,,0,9,1,1,2024-09-25
Magnolia,magnolia,51728,1999,,1,10,1,1,2024-09-24
Women on the Verge of a Nervous Breakdown,women-on-the-verge-of-a-nervous-breakdown,49468,1988,,0,9,1,0,2024-09-23
Thin Watermelon,thin-watermelon,956578,2010,,0,10,1,1,2024-09-19
Vampires Suck,vampires-suck,24636,2010,,0,4,0,0,2024-09-13
Speak No Evil,speak-no-evil-2024,1004531,2024,,0,5,0,1,2024-09-12
Longlegs,longlegs,1110059,2024,,1,7,1,1,2024-09-12
The Front Room,the-front-room,915928,2024,,0,5,0,1,2024-09-07
Badlands,badlands,49844,1973,,0,8,1,0,2024-09-06
Beetlejuice Beetlejuice,beetlejuice-beetlejuice,823648,2024,,0,7,1,0,2024-09-04
Safe,safe,30274,1995,,0,9,1,1,2024-08-28
Blink Twice,blink-twice,756042,2024,,0,6,1,0,2024-08-27
Do the Right Thing,do-the-right-thing,51228,1989,,1,10,1,1,2024-08-27
Infested,infested-2023,959593,2023,,0,7,1,0,2024-08-26
Sing Sing,sing-sing-2023,1041957,2023,,0,8,1,0,2024-08-25
The Tree of Life,the-tree-of-life-2011,47468,2011,,1,10,1,1,2024-08-24
The Killer,the-killer-2024,873268,2024,,0,5,0,0,2024-08-23
Shrek 2,shrek-2,51343,2004,,1,8,1,0,2024-08-23
Men in Black 3,men-in-black-3,23857,2012,,0,7,1,1,2024-08-22
Men in Black II,men-in-black-ii,51513,2002,,1,5,1,0,2024-08-21
Alien: Romulus,alien-romulus,850459,2024,,0,6,1,1,2024-08-20
Kung Fu Panda,kung-fu-panda,47098,2008,,1,8,1,0,2024-08-20
Men in Black,men-in-black,51514,1997,,1,8,1,0,2024-08-20
Coraline,coraline,42779,2009,,1,10,1,0,2024-08-19
Circus Maximus,circus-maximus-2023,771270,2023,,0,5,1,1,2024-08-15
ted,ted-2024,1115154,2024,,0,8,1,0,2024-08-14
Cuckoo,cuckoo-2024,781223,2024,,0,7,1,1,2024-08-08
Trap,trap-2024,931164,2024,,0,8,1,1,2024-08-08
Beetlejuice,beetlejuice,49530,1988,,1,8,1,1,2024-08-08
The Devil Wears Prada,the-devil-wears-prada,51712,2006,,0,7,1,1,2024-08-08
Ghostbusters: Frozen Empire,ghostbusters-frozen-empire,871041,2024,,0,5,0,1,2024-08-07
Deadpool & Wolverine,deadpool-wolverine,462870,2024,,0,5,0,0,2024-07-31
Oddity,oddity-2024,1099925,2024,,0,7,1,0,2024-07-24
Twisters,twisters,641608,2024,,0,7,1,1,2024-07-17
The Lion King,the-lion-king,47677,1994,,1,10,1,1,2024-07-17
Longlegs,longlegs,1110059,2024,,0,8,1,0,2024-07-12
Despicable Me 4,despicable-me-4,448506,2024,,0,5,0,0,2024-07-10
MaXXXine,maxxxine,922858,2024,,0,5,0,1,2024-07-05
Kinds of Kindness,kinds-of-kindness,928261,2024,,0,9,1,1,2024-07-03
7 Days in Hell,7-days-in-hell,212952,2015,,0,8,1,1,2024-07-03
Janet Planet,janet-planet,934839,2023,,0,8,1,0,2024-07-02
A Quiet Place: Day One,a-quiet-place-day-one,682535,2024,,0,6,1,1,2024-07-02
Mr Fuzz,mr-fuzz,1189225,2024,,0,,1,0,2024-06-27
Cabaret,cabaret-1993,153118,1993,,0,9,1,1,2024-06-26
The New World,the-new-world,45334,2005,,0,9,1,0,2024-06-25
The Bikeriders,the-bikeriders,908327,2023,,0,7,1,0,2024-06-23
Inside Out 2,inside-out-2-2024,921578,2024,,1,7,1,1,2024-06-19
Days of Heaven,days-of-heaven,41461,1978,,1,9,1,0,2024-06-18
I Saw the TV Glow,i-saw-the-tv-glow,772230,2024,,1,10,1,1,2024-06-14
Hit Man,hit-man-2023,877046,2023,,0,7,1,0,2024-06-11
Furiosa: A Mad Max Saga,furiosa-a-mad-max-saga,705221,2024,,0,8,1,0,2024-06-05
Dr. Strangelove or: How I Learned to Stop Worrying and Love the Bomb,dr-strangelove-or-how-i-learned-to-stop-worrying-and-love-the-bomb,51218,1964,,0,9,1,1,2024-06-05
Castle in the Sky,castle-in-the-sky,46157,1986,,0,8,1,0,2024-05-22
I Saw the TV Glow,i-saw-the-tv-glow,772230,2024,,1,10,1,1,2024-05-17
The Blackcoat's Daughter,the-blackcoats-daughter,263217,2015,,0,5,0,0,2024-05-15
Dawn of the Planet of the Apes,dawn-of-the-planet-of-the-apes,94394,2014,,1,8,1,0,2024-05-12
Kingdom of the Planet of the Apes,kingdom-of-the-planet-of-the-apes,578774,2024,,0,7,1,0,2024-05-10
I Saw the Devil,i-saw-the-devil,15827,2010,,0,9,1,0,2024-05-06
Miller's Girl,millers-girl,925306,2024,,0,2,0,1,2024-05-02
The Fall Guy,the-fall-guy-2024,667550,2024,,0,6,1,0,2024-05-01
Inside Out 2,inside-out-2-2024,921578,2024,,0,,1,1,2024-04-30
Alien,alien,51714,1979,,1,10,1,0,2024-04-30
Challengers,challengers,842301,2024,,0,10,1,1,2024-04-28
Lost in Translation,lost-in-translation,51898,2003,,0,8,1,0,2024-04-28
The Mummy,the-mummy-1999,51554,1999,,1,8,1,0,2024-04-27
Enter the Void,enter-the-void,29041,2009,,0,6,1,1,2024-04-20
We Grown Now,we-grown-now,1048872,2023,,0,7,1,0,2024-04-18
Civil War,civil-war-2024,834656,2024,,0,8,1,0,2024-04-13
Sting,sting-2024,980324,2024,,0,6,1,1,2024-04-13
In a Violent Nature,in-a-violent-nature,1098322,2024,,0,6,1,1,2024-04-12
Dune: Part Two,dune-part-two,617443,2024,,1,10,1,1,2024-04-10
Dicks: The Musical,dicks-the-musical,845043,2023,,1,7,1,0,2024-04-07
The First Omen,the-first-omen,370178,2024,,0,7,1,0,2024-04-05
Monkey Man,monkey-man,488751,2024,,0,8,1,1,2024-04-04
Heck,heck,918010,2020,,0,,0,0,2024-04-02
Hereditary,hereditary,424348,2018,,1,10,1,1,2024-04-02
Electronic Labyrinth: THX 1138 4EB,electronic-labyrinth-thx-1138-4eb,107652,1967,,0,,1,1,2024-04-01
Late Night with the Devil,late-night-with-the-devil,843415,2023,,0,8,1,1,2024-03-31
The Zone of Interest,the-zone-of-interest,398800,2023,,1,10,1,0,2024-03-28
Dune: Part Two,dune-part-two,617443,2024,,1,10,1,0,2024-03-24
The Matrix,the-matrix,51518,1999,,1,10,1,1,2024-03-20
Swiss Army Man,swiss-army-man,277413,2016,,1,9,1,1,2024-03-20
The Nice Guys,the-nice-guys,216301,2016,,1,9,1,0,2024-03-16
Problemista,problemista,766759,2023,,0,8,1,0,2024-03-16
Love Lies Bleeding,love-lies-bleeding-2024,853011,2024,,0,8,1,0,2024-03-15
Dune: Part Two,dune-part-two,617443,2024,,1,10,1,1,2024-03-13
The Tree of Life,the-tree-of-life-2011,47468,2011,,0,9,1,0,2024-03-05
Bottoms,bottoms,731222,2023,,1,9,1,0,2024-03-05
The Fall,the-fall-2019,568872,2019,,1,,1,0,2024-03-04
Taylor Swift: The Eras Tour,taylor-swift-the-eras-tour,1046227,2023,,0,,1,0,2024-03-03
Dune: Part Two,dune-part-two,617443,2024,,1,10,1,1,2024-02-29
The Lighthouse,the-lighthouse-2019,433863,2019,,1,9,1,0,2024-02-28
Soul,soul-2020,438511,2020,,1,10,1,1,2024-02-25
Les Misérables,les-miserables-2012,69149,2012,,1,7,1,1,2024-02-24
Dune: Part Two,dune-part-two,617443,2024,,0,10,1,1,2024-02-21
School of Rock,school-of-rock,50950,2003,,0,8,1,0,2024-02-21
Close Encounters of the Third Kind,close-encounters-of-the-third-kind,51312,1977,,1,8,1,0,2024-02-17
Nathan for You: Finding Frances,nathan-for-you-finding-frances,416786,2017,,1,9,1,0,2024-02-17
Under the Skin,under-the-skin-2013,80198,2013,,0,8,1,1,2024-02-16
Past Lives,past-lives,591053,2023,,1,9,1,0,2024-02-15
Miller's Crossing,millers-crossing,51706,1990,,0,9,1,1,2024-02-15
A Ghost Story,a-ghost-story-2017,361725,2017,,1,9,1,1,2024-02-14
Knight of Fortune,knight-of-fortune,874493,2022,,0,8,1,0,2024-02-13
It's Such a Beautiful Day,its-such-a-beautiful-day,420137,2012,,0,9,1,0,2024-02-10
Dune,dune-2021,371378,2021,,0,9,1,1,2024-02-09
Four Lions,four-lions,26991,2010,,0,8,1,0,2024-02-08
"Red, White and Blue",red-white-and-blue-2023,1080205,2023,,0,8,1,0,2024-02-05
The Holdovers,the-holdovers,755564,2023,,1,9,1,0,2024-01-31
Crumb,crumb,35224,1994,,0,9,1,0,2024-01-31
Invincible,invincible-2022,977828,2022,,0,8,1,0,2024-01-29
The After,the-after-2023-1,1056488,2023,,0,5,0,0,2024-01-29
Apocalypse Now,apocalypse-now,2690,1979,,1,10,1,0,2024-01-29
The Virgin Suicides,the-virgin-suicides,51024,1999,,1,9,1,0,2024-01-28
Origin,origin-2023-1,674135,2023,,0,6,1,0,2024-01-27
The Beekeeper,the-beekeeper-2024,780170,2024,,0,3,0,1,2024-01-25
The Menu,the-menu-2022,521323,2022,,1,7,1,1,2024-01-21
Mean Girls,mean-girls-2024,598274,2024,,0,4,0,0,2024-01-19
Woodstock,woodstock,47138,1970,,1,10,1,0,2024-01-15
Showing Up,showing-up-2022,708458,2022,,0,9,1,0,2024-01-15
Beyond Utopia,flucht-aus-nordkorea,964863,2023,,0,8,1,0,2024-01-14
Transformers: Rise of the Beasts,transformers-rise-of-the-beasts,592318,2023,,0,5,0,0,2024-01-13
How to Blow Up a Pipeline,how-to-blow-up-a-pipeline,908010,2022,,0,8,1,0,2024-01-12
Bad Things Happen In Philadelphia,bad-things-happen-in-philadelphia,1072116,2023,,0,7,1,0,2024-01-12
Fingernails,fingernails,708499,2023,,0,5,0,0,2024-01-12
Passages,passages-2023,809219,2023,,0,9,1,0,2024-01-12
Rotting in the Sun,rotting-in-the-sun,954512,2023,,0,8,1,1,2024-01-09
Elemental,elemental-2023,878854,2023,,0,6,1,0,2024-01-07
STILL: A Michael J. Fox Movie,still-a-michael-j-fox-movie,954513,2023,,0,8,1,0,2024-01-06
They Cloned Tyrone,they-cloned-tyrone,658906,2023,,0,8,1,0,2024-01-06
Rebel Moon – Part One: A Child of Fire,rebel-moon-part-one-a-child-of-fire,762812,2023,,0,3,0,1,2024-01-04
All of Us Strangers,all-of-us-strangers,895290,2023,,0,8,1,0,2024-01-02
The Zone of Interest,the-zone-of-interest,398800,2023,,0,10,1,1,2024-01-02
American Fiction,american-fiction,952812,2023,,0,7,1,1,2024-01-02
My House Walk-Through,my-house-walk-through,967621,2016,,0,8,1,0,2024-01-01
Suzume,suzume,822281,2022,,0,7,1,0,2024-01-01
The Last Voyage of the Demeter,the-last-voyage-of-the-demeter,561952,2023,,0,6,1,0,2023-12-30
Anyone But You,anyone-but-you,966990,2023,,0,4,0,0,2023-12-28
Ferrari,ferrari-2023,301552,2023,,0,7,1,1,2023-12-27
The Color Purple,the-color-purple-2023,487538,2023,,0,7,1,0,2023-12-26
The Iron Claw,the-iron-claw-2023,764890,2023,,0,8,1,0,2023-12-22
Wonka,wonka,706083,2023,,1,8,1,0,2023-12-20
Wish,wish-2023,921592,2023,,0,5,0,0,2023-12-17
Poor Things,poor-things-2023,710352,2023,,0,9,1,0,2023-12-15
Eileen,eileen-2023,589365,2023,,0,6,0,1,2023-12-11
Project X,project-x-2012,8933,2012,,0,6,1,0,2023-12-10
Trolls Band Together,trolls-band-together,811802,2023,,0,6,1,0,2023-12-09
The Boy and the Heron,the-boy-and-the-heron,438692,2023,,0,9,1,1,2023-12-07
The Abyss,the-abyss,50113,1989,,0,8,1,1,2023-12-06
Watchmen,watchmen,44070,2009,,1,3,0,1,2023-12-04
May December,may-december,754441,2023,,0,10,1,0,2023-12-03
Napoleon,napoleon-2023,674137,2023,,0,5,0,1,2023-11-27
The Hunger Games: The Ballad of Songbirds & Snakes,the-hunger-games-the-ballad-of-songbirds-snakes,619510,2023,,0,7,1,1,2023-11-27
Theater Camp,theater-camp-2023,887650,2023,,1,8,1,0,2023-11-26
Saving Private Ryan,saving-private-ryan,51295,1998,,1,10,1,1,2023-11-19
The Marvels,the-marvels,536970,2023,,1,3,0,0,2023-11-19
The World's End,the-worlds-end,86991,2013,,1,7,1,1,2023-11-19
Thanksgiving,thanksgiving-2023,965346,2023,,0,7,1,1,2023-11-17
When Evil Lurks,when-evil-lurks,666396,2023,,0,8,1,1,2023-11-16
The Social Network,the-social-network,26711,2010,,1,10,1,0,2023-11-14
Priscilla,priscilla,919121,2023,,1,7,1,0,2023-11-12
Meg 2: The Trench,meg-2-the-trench,542583,2023,,0,4,0,1,2023-11-12
El Conde,el-conde,892991,2023,,0,7,1,0,2023-11-11
Renfield,renfield,575258,2023,,0,5,0,0,2023-11-11
The Marvels,the-marvels,536970,2023,,0,3,0,1,2023-11-10
Hell House LLC Origins: The Carmichael Manor,hell-house-llc-origins-the-carmichael-manor,933844,2023,,0,4,0,1,2023-11-09
Treasure Planet,treasure-planet,47426,2002,,0,8,1,0,2023-11-08
Killers of the Flower Moon,killers-of-the-flower-moon,398009,2023,,1,9,1,0,2023-11-07
The Last Waltz,the-last-waltz,43449,1978,,0,9,1,0,2023-11-05
Killers of the Flower Moon,killers-of-the-flower-moon,398009,2023,,1,9,1,0,2023-11-05
Priscilla,priscilla,919121,2023,,0,7,1,1,2023-11-03
The Elephant Man,the-elephant-man,50653,1980,,0,8,1,0,2023-11-02
Killer of Sheep,killer-of-sheep,34529,1978,,0,8,1,0,2023-11-02
Five Nights at Freddy's,five-nights-at-freddys,436948,2023,,0,4,0,1,2023-10-31
Anatomy of a Fall,anatomy-of-a-fall,822093,2023,,0,8,1,0,2023-10-31
Saltburn,saltburn,835774,2023,,0,7,1,1,2023-10-27
Symbiopsychotaxiplasm: Take One,symbiopsychotaxiplasm-take-one,20413,1968,,1,9,1,0,2023-10-26
The Fall of the House of Usher,the-fall-of-the-house-of-usher-2023,1071312,2023,,0,8,1,1,2023-10-26
Perfect Days,perfect-days-2023,879229,2023,,0,8,1,1,2023-10-25
Dicks: The Musical,dicks-the-musical,845043,2023,,0,7,1,1,2023-10-24
Maestro,maestro-2023,453069,2023,,0,7,1,1,2023-10-21
The Holdovers,the-holdovers,755564,2023,,0,9,1,1,2023-10-21
Dream Scenario,dream-scenario,739691,2023,,0,8,1,1,2023-10-20
Foe,foe-2023,680437,2023,,0,5,0,1,2023-10-20
David Holzman's Diary,david-holzmans-diary,72165,1967,,0,9,1,0,2023-10-19
All the Beauty and the Bloodshed,all-the-beauty-and-the-bloodshed,905001,2022,,0,9,1,0,2023-10-18
BlackBerry,blackberry-2023,915230,2023,,0,8,1,1,2023-10-17
The Pirate Movie,the-pirate-movie,35731,1982,,1,,1,1,2023-10-13
Cléo from 5 to 7,cleo-from-5-to-7,51611,1962,,0,8,1,0,2023-10-12
Contempt,contempt,51790,1963,,0,6,0,0,2023-10-12
The Exorcist,the-exorcist,47048,1973,,0,9,1,0,2023-10-10
Talk to Me,talk-to-me-2022,908144,2022,,1,8,1,0,2023-10-09
Shaun the Sheep: The Flight Before Christmas,shaun-the-sheep-the-flight-before-christmas,704147,2021,,0,,1,0,2023-10-08
The Exorcist: Believer,the-exorcist-believer,724394,2023,,0,3,0,1,2023-10-07
The Rocky Horror Picture Show,the-rocky-horror-picture-show,27698,1975,,1,9,1,0,2023-10-05
"Norm Macdonald: Hitler's Dog, Gossip & Trickery",norm-macdonald-hitlers-dog-gossip-trickery,388190,2017,,0,,1,0,2023-10-05
Shane Gillis: Beautiful Dogs,shane-gillis-beautiful-dogs,1056116,2023,,0,7,1,0,2023-10-04
Gen V - Prime Premiere,gen-v-prime-premiere,1068215,2023,,0,,1,1,2023-10-04
The Taking of Deborah Logan,the-taking-of-deborah-logan,224895,2014,,0,6,1,0,2023-10-03
Poison,poison-2023,1059455,2023,,0,8,1,0,2023-10-03
The Rat Catcher,the-rat-catcher-2023,1059457,2023,,0,7,1,0,2023-10-03
The Swan,the-swan-2023,1059456,2023,,0,9,1,0,2023-10-03
The Outwaters,the-outwaters,673592,2022,,0,6,1,1,2023-10-02
Singin' in the Rain,singin-in-the-rain,51280,1952,,0,10,1,0,2023-09-28
Jigsaw,jigsaw-2017,225503,2017,,1,,0,0,2023-09-28
The Creator,the-creator-2023,595029,2023,,0,7,1,1,2023-09-27
The Wonderful Story of Henry Sugar,the-wonderful-story-of-henry-sugar,829364,2023,,0,8,1,0,2023-09-27
Saw 3D,saw-3d,23593,2010,,1,,0,0,2023-09-26
Saw VI,saw-vi,37687,2009,,1,,1,0,2023-09-26
Saw V,saw-v,44889,2008,,1,,1,0,2023-09-26
Saw IV,saw-iv,51461,2007,,1,,1,0,2023-09-25
Saw III,saw-iii,51842,2006,,1,7,1,0,2023-09-25
Pather Panchali,pather-panchali,48649,1955,,0,9,1,0,2023-09-21
Blue Beetle,blue-beetle,494248,2023,,0,7,1,0,2023-09-20
Teenage Mutant Ninja Turtles: Mutant Mayhem,teenage-mutant-ninja-turtles-mutant-mayhem,542005,2023,,0,7,1,0,2023-09-20
Champions,champions-2023,838520,2023,,0,6,1,0,2023-09-16
Knock at the Cabin,knock-at-the-cabin,558056,2023,,1,7,1,1,2023-09-16
Il Posto,il-posto,30917,1961,,0,8,1,0,2023-09-14
Dumb Money,dumb-money,710073,2023,,0,7,1,1,2023-09-13
Scary Movie 3,scary-movie-3,49434,2003,,1,,1,0,2023-09-11
The Nun II,the-nun-ii,871385,2023,,0,4,0,1,2023-09-09
The Big Heat,the-big-heat,42977,1953,,0,8,1,0,2023-09-07
My Brother Jordan,my-brother-jordan,654318,2020,,0,9,1,1,2023-09-04
The Strange Thing About the Johnsons,the-strange-thing-about-the-johnsons,121618,2011,,0,,0,0,2023-09-04
Over the Garden Wall,over-the-garden-wall-2014,343911,2014,,0,9,1,0,2023-08-31
The Big Short,the-big-short,246013,2015,,0,7,1,0,2023-08-25
Parasite,parasite-2019,426406,2019,,1,10,1,0,2023-08-23
Groundhog Day,groundhog-day,51914,1993,,0,7,1,0,2023-08-18
Oldboy,oldboy,51454,2003,,0,9,1,0,2023-08-18
Theater Camp,theater-camp-2023,887650,2023,,0,8,1,0,2023-08-17
Spider-Man: Across the Spider-Verse,spider-man-across-the-spider-verse,497631,2023,,1,9,1,0,2023-08-16
Frances Ha,frances-ha,96083,2012,,0,8,1,0,2023-08-13
Bros,bros,542001,2022,,1,7,1,0,2023-08-04
Talk to Me,talk-to-me-2022,908144,2022,,0,8,1,0,2023-07-27
Oppenheimer,oppenheimer-2023,784328,2023,,0,10,1,1,2023-07-20
Barbie,barbie,277064,2023,,0,8,1,0,2023-07-20
Woodstock,woodstock,47138,1970,,1,10,1,0,2023-07-17
Paris Is Burning,paris-is-burning,31355,1990,,0,10,1,0,2023-07-16
Creep 2,creep-2,330837,2017,,0,7,1,1,2023-07-15
The Super Mario Bros. Movie,the-super-mario-bros-movie,432302,2023,,1,6,0,0,2023-07-14
Puss in Boots: The Last Wish,puss-in-boots-the-last-wish,242285,2022,,1,8,1,0,2023-07-14
Pulp Fiction,pulp-fiction,51444,1994,,1,9,1,0,2023-07-13
Mission: Impossible – Dead Reckoning,mission-impossible-dead-reckoning,503402,2023,,0,7,1,1,2023-07-13
Bridesmaids,bridesmaids,10442,2011,,1,7,1,0,2023-07-12
The Big Lebowski,the-big-lebowski,51935,1998,,1,8,1,0,2023-07-09
Kiki's Delivery Service,kikis-delivery-service,41360,1989,,1,8,1,0,2023-07-07
No Hard Feelings,no-hard-feelings-2023,795897,2023,,0,6,1,1,2023-07-03
Past Lives,past-lives,591053,2023,,0,9,1,0,2023-06-30
Asteroid City,asteroid-city,668555,2023,,0,,1,1,2023-06-30
One Crazy Summer,one-crazy-summer,40454,1986,,0,6,1,0,2023-06-29
Iron Man 3,iron-man-3,52513,2013,,1,7,1,0,2023-06-29
Iron Man 2,iron-man-2,46511,2010,,1,5,1,0,2023-06-29
The Flash,the-flash,225845,2023,,0,5,0,1,2023-06-27
The Virgin Suicides,the-virgin-suicides,51024,1999,,0,9,1,0,2023-06-25
Iron Man,iron-man-2008,50825,2008,,1,7,1,0,2023-06-25
The Boxtrolls,the-boxtrolls,125485,2014,,0,6,1,1,2023-06-13
Saint Maud,saint-maud,503890,2019,,0,7,1,1,2023-06-12
Spider-Man: Across the Spider-Verse,spider-man-across-the-spider-verse,497631,2023,,0,9,1,1,2023-06-12
The Nice Guys,the-nice-guys,216301,2016,,1,9,1,0,2023-06-09
Warrior,warrior,6942,2011,,0,9,1,0,2023-06-02
The Karate Kid,the-karate-kid-2010,26025,2010,,0,6,0,0,2023-06-02
"Love, Death & Robots: Snow in the Desert",love-death-robots-snow-in-the-desert,745648,2021,,1,7,1,0,2023-05-31
"Love, Death & Robots: Snow in the Desert",love-death-robots-snow-in-the-desert,745648,2021,,1,8,1,0,2023-05-31
"Love, Death & Robots: Ice",love-death-robots-ice,745646,2021,,1,7,1,0,2023-05-31
"Love, Death & Robots: Automated Customer Service",love-death-robots-automated-customer-service,745645,2021,,1,6,1,0,2023-05-31
The Revenant,the-revenant-2015,207224,2015,,0,8,1,1,2023-05-30
Fantastic Mr. Fox,fantastic-mr-fox,46344,2009,,1,10,1,0,2023-05-30
"Love, Death & Robots: Jibaro",love-death-robots-jibaro-2022,963617,2022,,1,9,1,0,2023-05-30
"Love, Death & Robots: Mason's Rats",love-death-robots-masons-rats,880320,2022,,1,7,1,0,2023-05-30
"Love, Death & Robots: Night of the Mini Dead",love-death-robots-night-of-the-mini-dead,880316,2022,,1,8,1,0,2023-05-30
"Love, Death & Robots: In Vaulted Halls Entombed",love-death-robots-in-vaulted-halls-entombed,880323,2022,,1,6,1,0,2023-05-30
John Mulaney: Baby J,john-mulaney-baby-j,985444,2023,,1,8,1,0,2023-05-29
(500) Days of Summer,500-days-of-summer,39350,2009,,0,8,1,0,2023-05-29
The Lorax,the-lorax-2012,60027,2012,,1,,1,1,2023-05-29
Shiva Baby,shiva-baby-2020,589093,2020,,0,8,1,1,2023-05-24
Swiss Army Man,swiss-army-man,277413,2016,,1,10,1,0,2023-05-21
John Mulaney: Baby J,john-mulaney-baby-j,985444,2023,,0,8,1,0,2023-05-19
Skinamarink,skinamarink,895130,2022,,1,8,1,0,2023-05-19
Princess Mononoke,princess-mononoke,51922,1997,,1,9,1,1,2023-05-17
Possibly in Michigan,possibly-in-michigan,261231,1983,,1,9,1,0,2023-05-15
Dogville,dogville,51565,2003,,0,9,1,0,2023-05-14
GoodFellas,goodfellas,51383,1990,,1,10,1,0,2023-05-14
Spirited Away,spirited-away,51921,2001,,1,10,1,0,2023-05-12
How to Train Your Dragon,how-to-train-your-dragon,46460,2010,,0,8,1,0,2023-05-11
Guardians of the Galaxy Vol. 3,guardians-of-the-galaxy-vol-3,379711,2023,,0,7,1,1,2023-05-09
Blow Out,blow-out,45109,1981,,0,10,1,1,2023-05-06
Team America: World Police,team-america-world-police,49531,2004,,1,7,1,0,2023-05-05
Possibly in Michigan,possibly-in-michigan,261231,1983,,1,9,1,0,2023-05-05
Possibly in Michigan,possibly-in-michigan,261231,1983,,0,9,1,1,2023-05-03
Return of the Jedi,return-of-the-jedi,50712,1983,,1,8,1,1,2023-04-29
Evil Dead Rise,evil-dead-rise,636761,2023,,0,7,1,1,2023-04-21
Beau Is Afraid,beau-is-afraid,715856,2023,,0,,1,1,2023-04-20
Boyhood,boyhood,71927,2014,,0,10,1,1,2023-04-19
Rango,rango,20307,2011,,1,8,1,0,2023-04-14
"O Brother, Where Art Thou?",o-brother-where-art-thou,51917,2000,,0,8,1,1,2023-04-08
Everything Everywhere All at Once,everything-everywhere-all-at-once,474474,2022,,1,10,1,0,2023-04-08
Mamma Mia!,mamma-mia,45120,2008,,1,8,1,0,2023-04-06
22 Jump Street,22-jump-street,135120,2014,,1,8,1,0,2023-04-06
The Super Mario Bros. Movie,the-super-mario-bros-movie,432302,2023,,0,4,0,1,2023-04-05
The Assassination of Jesse James by the Coward Robert Ford,the-assassination-of-jesse-james-by-the-coward-robert-ford,49288,2007,,0,9,1,1,2023-04-01
American Hustle,american-hustle,124379,2013,,0,5,0,1,2023-03-31
Tower,tower-2016,316014,2016,,0,9,1,0,2023-03-30
Only Lovers Left Alive,only-lovers-left-alive,114563,2013,,0,8,1,0,2023-03-30
BoJack Horseman Christmas Special: Sabrina's Christmas Wish,bojack-horseman-christmas-special-sabrinas,508984,2014,,1,10,1,0,2023-03-25
Phineas and Ferb The Movie: Across the 2nd Dimension,phineas-and-ferb-the-movie-across-the-2nd,57791,2011,,1,10,1,0,2023-03-25
Evil Dead II,evil-dead-ii,51387,1987,,1,10,1,0,2023-03-25
Skinamarink,skinamarink,895130,2022,,1,9,1,0,2023-03-24
The Hunger Games: Catching Fire,the-hunger-games-catching-fire,82488,2013,,1,8,1,0,2023-03-24
The Hunger Games,the-hunger-games,59281,2012,,1,7,1,1,2023-03-22
Boogie Nights,boogie-nights,49007,1997,,1,10,1,0,2023-03-21
Eternal Sunshine of the Spotless Mind,eternal-sunshine-of-the-spotless-mind,2683,2004,,1,10,1,1,2023-03-20
Flushed Away,flushed-away,45132,2006,,1,10,1,1,2023-03-18
Mean Girls,mean-girls,46049,2004,,1,8,1,0,2023-03-18
The Haunting of Hill House,the-haunting-2018,482701,2018,,1,10,1,0,2023-03-09
Puss in Boots: The Last Wish,puss-in-boots-the-last-wish,242285,2022,,1,9,1,0,2023-03-09
Don't Look Up,dont-look-up-2021,572255,2021,,1,7,1,1,2023-03-06
Magnolia,magnolia,51728,1999,,1,10,1,0,2023-03-03
Scott Pilgrim vs. the World,scott-pilgrim-vs-the-world,37833,2010,,1,10,1,0,2023-02-28
Magnolia,magnolia,51728,1999,,1,10,1,1,2023-02-27
Magnolia,magnolia,51728,1999,,1,10,1,0,2023-02-26
"Three Billboards Outside Ebbing, Missouri",three-billboards-outside-ebbing-missouri,291610,2017,,1,9,1,1,2023-02-24
Dogtooth,dogtooth,25809,2009,,0,8,1,1,2023-02-21
Titanic,titanic-1997,51524,1997,,1,10,1,1,2023-02-12
The Life Aquatic with Steve Zissou,the-life-aquatic-with-steve-zissou,51674,2004,,0,9,1,1,2023-02-03
In the Mood for Love,in-the-mood-for-love,51309,2000,,1,10,1,0,2023-02-03
Scary Movie,scary-movie-2000,49443,2000,,1,4,1,0,2023-02-01
Moonlight,moonlight-2016,312205,2016,,1,10,1,0,2023-01-27
Skinamarink,skinamarink,895130,2022,,0,9,1,1,2023-01-13
M3GAN,m3gan,465649,2022,,0,6,1,1,2023-01-10
Carol,carol-2015,182142,2015,,1,10,1,0,2023-01-07
Roald Dahl's Matilda the Musical,roald-dahls-matilda-the-musical,593282,2022,,0,7,1,1,2022-12-26
Trainwreck: Woodstock '99,trainwreck-woodstock-99,907303,2022,,0,8,1,0,2022-12-13
Decision to Leave,decision-to-leave,629320,2022,,1,10,1,0,2022-12-10
Black Christmas,black-christmas,41305,1974,,1,10,1,1,2022-12-01
The Social Network,the-social-network,26711,2010,,1,10,1,1,2022-11-22
The Trial of the Chicago 7,the-trial-of-the-chicago-7,485519,2020,,1,7,1,1,2022-11-22
Black Panther: Wakanda Forever,black-panther-wakanda-forever,435460,2022,,0,7,1,1,2022-11-13
See How They Run,see-how-they-run-2022,686510,2022,,0,7,1,0,2022-11-12
Black Adam,black-adam,369179,2022,,0,4,0,1,2022-11-08
TÁR,tar-2022,734096,2022,,0,9,1,1,2022-11-06
Harry Potter and the Half-Blood Prince,harry-potter-and-the-half-blood-prince,51385,2009,,0,8,1,0,2022-11-05
Moulin Rouge!,moulin-rouge-2001,51328,2001,,1,10,1,0,2022-11-04
Gerald's Game,geralds-game,273979,2017,,1,8,1,0,2022-10-30
The Perks of Being a Wallflower,the-perks-of-being-a-wallflower,71338,2012,,1,8,1,0,2022-10-28
10 Things I Hate About You,10-things-i-hate-about-you,49047,1999,,1,8,1,0,2022-10-27
Triangle of Sadness,triangle-of-sadness,427970,2022,,0,9,1,0,2022-10-23
Halloween Ends,halloween-ends,543596,2022,,0,4,0,1,2022-10-20
Halloween Kills,halloween-kills,537228,2021,,1,7,1,0,2022-10-12
Ambulance,ambulance-2022,683285,2022,,0,7,1,1,2022-10-10
Magnolia,magnolia,51728,1999,,1,10,1,0,2022-10-03
Eyes Wide Shut,eyes-wide-shut,51717,1999,,0,9,1,1,2022-09-30
The Woman King,the-woman-king,647008,2022,,0,8,1,0,2022-09-27
The Climb,the-climb-2018,436986,2018,,0,8,1,0,2022-09-27
Don't Worry Darling,dont-worry-darling,546347,2022,,0,6,0,1,2022-09-23
Deep Blue Sea,deep-blue-sea,47513,1999,,1,8,1,0,2022-08-20
The Departed,the-departed,51042,2006,,1,10,1,0,2022-08-20
Prey,prey-2022,686389,2022,,0,8,1,1,2022-08-07
Modern Times,modern-times,49889,1936,,0,10,1,1,2022-08-04
Blood Simple,blood-simple,45366,1984,,0,9,1,0,2022-07-29
Cars,cars,51233,2006,,0,7,1,0,2022-07-24
"Yes, God, Yes",yes-god-yes-2019,456933,2019,,0,6,1,1,2022-07-14
Catch Me If You Can,catch-me-if-you-can-2002,51484,2002,,0,9,1,1,2022-07-14
Zero Dark Thirty,zero-dark-thirty,80349,2012,,0,8,1,0,2022-07-13
Snatch,snatch,51943,2000,,0,9,1,1,2022-07-08
Boogie Nights,boogie-nights,49007,1997,,1,10,1,0,2022-07-07
Raging Bull,raging-bull,50956,1980,,1,10,1,0,2022-06-24
The Departed,the-departed,51042,2006,,1,10,1,1,2022-06-21
In the Mood for Love,in-the-mood-for-love,51309,2000,,0,10,1,1,2022-06-17
Call Me by Your Name,call-me-by-your-name,333029,2017,,1,10,1,0,2022-06-15
Bo Burnham: The Inside Outtakes,bo-burnham-the-inside-outtakes,905752,2022,,0,9,1,1,2022-06-01
Top Gun: Maverick,top-gun-maverick,293465,2022,,0,9,1,1,2022-05-24
Men,men-2022,699298,2022,,0,5,0,1,2022-05-23
Carol,carol-2015,182142,2015,,0,10,1,0,2022-05-15
Fantastic Beasts: The Crimes of Grindelwald,fantastic-beasts-the-crimes-of-grindelwald,268365,2018,,1,4,0,1,2022-04-19
Swiss Army Man,swiss-army-man,277413,2016,,1,10,1,1,2022-04-18
Swiss Army Man,swiss-army-man,277413,2016,,0,9,1,1,2022-04-17
Little Miss Sunshine,little-miss-sunshine,51379,2006,,0,9,1,0,2022-04-08
Climax,climax-2018,436873,2018,,1,8,1,1,2022-04-08
The Batman,the-batman,348914,2022,,0,8,1,0,2022-03-02
Texas Chainsaw Massacre,texas-chainsaw-massacre,558956,2022,,1,4,0,1,2022-02-21
Jaws: The Revenge,jaws-the-revenge,51540,1987,,0,10,1,1,2022-02-07
Pride & Prejudice,pride-prejudice,49390,2005,,1,10,1,0,2022-01-27
Pride & Prejudice,pride-prejudice,49390,2005,,0,10,1,0,2022-01-27
Friday the 13th,friday-the-13th,49299,1980,,0,5,0,1,2021-12-23
Watchmen,watchmen,44070,2009,,0,3,0,0,2021-12-23
Antichrist,antichrist,40892,2009,,0,8,1,1,2021-12-23
